ZIP CODE,NUMBER OF PERSONS INJURED,NUMBER OF PERSONS KILLED,NUMBER OF CYCLIST INJURED,NUMBER OF CYCLIST KILLED,NUMBER OF MOTORIST INJURED,NUMBER OF MOTORIST KILLED
11211,1.0,1.0,0,0,1,1
11216,0.0,1.0,0,0,0,1
10467,0.0,1.0,0,1,0,0
11377,3.0,0.0,0,0,2,0
11229,2.0,0.0,0,0,0,0
11209,2.0,0.0,0,0,1,0
10028,4.0,0.0,0,0,0,0
10310,0.0,1.0,0,0,0,0
11422,2.0,0.0,0,0,2,0
11234,1.0,0.0,0,0,1,0
11221,1.0,0.0,1,0,0,0
11239,0.0,0.0,0,0,0,0
11360,1.0,0.0,0,0,1,0
10301,2.0,0.0,0,0,2,0
11363,2.0,0.0,0,0,0,0
11367,7.0,0.0,0,0,7,0
11692,1.0,0.0,0,0,0,0
11213,1.0,1.0,0,0,1,1
11234,2.0,2.0,0,0,2,2
11226,0.0,1.0,0,1,0,0
10040,2.0,0.0,2,0,0,0
11692,1.0,0.0,1,0,0,0
10301,2.0,0.0,0,0,0,0
10039,13.0,0.0,0,0,13,0
11233,10.0,0.0,0,0,10,0
10301,4.0,0.0,0,0,0,0
10309,2.0,0.0,0,0,2,0
11365,9.0,0.0,0,0,9,0
10017,1.0,0.0,0,0,0,0
10038,2.0,0.0,1,0,0,0
10461,3.0,0.0,0,0,2,0
11359,1.0,0.0,1,0,0,0
11214,1.0,1.0,0,0,0,0
11362,2.0,0.0,0,0,0,0
10465,1.0,1.0,0,0,1,1
11428,0.0,1.0,0,0,0,1
10023,1.0,0.0,0,0,0,0
10451,3.0,0.0,0,0,2,0
11420,0.0,1.0,0,0,0,0
11234,0.0,1.0,0,1,0,0
11208,4.0,0.0,0,0,3,0
11221,6.0,0.0,0,0,6,0
11212,9.0,0.0,0,0,9,0
11230,1.0,1.0,0,1,1,0
10011,2.0,0.0,0,0,2,0
10001,7.0,0.0,0,0,2,0
11219,2.0,0.0,2,0,0,0
10302,2.0,0.0,0,0,1,0
11203,0.0,1.0,0,1,0,0
11208,7.0,0.0,0,0,7,0
11249,0.0,0.0,0,0,0,0
11234,2.0,0.0,0,0,0,0
11233,3.0,0.0,0,0,4,0
11213,43.0,0.0,0,0,43,0
10458,6.0,0.0,0,0,3,0
10007,2.0,0.0,2,0,0,0
11413,1.0,0.0,0,0,1,0
10010,4.0,0.0,0,0,2,0
11354,4.0,0.0,0,0,4,0
11217,1.0,0.0,0,0,0,0
11204,1.0,0.0,1,0,0,0
11694,2.0,0.0,0,0,1,0
10302,1.0,0.0,0,0,0,0
10026,1.0,0.0,0,0,0,0
10024,0.0,0.0,0,0,0,0
11205,9.0,0.0,0,0,9,0
11435,7.0,0.0,0,0,4,0
10032,4.0,0.0,0,0,4,0
10013,0.0,0.0,0,0,3,0
11417,2.0,0.0,1,0,0,0
11366,0.0,1.0,0,0,0,0
11366,1.0,0.0,0,0,1,0
11411,0.0,0.0,0,0,1,0
11106,4.0,0.0,0,0,0,0
11236,5.0,0.0,0,0,5,0
10306,1.0,0.0,1,0,0,0
11366,8.0,0.0,0,0,8,0
10019,5.0,0.0,0,0,4,0
10034,0.0,0.0,0,0,0,0
10301,0.0,0.0,0,0,0,0
11208,2.0,0.0,0,0,1,0
11234,3.0,1.0,0,0,3,1
11106,2.0,0.0,2,0,0,0
10035,2.0,1.0,0,0,2,1
11230,3.0,0.0,0,0,0,0
11385,5.0,0.0,0,0,4,0
11379,0.0,1.0,0,0,0,0
10165,0.0,0.0,0,0,0,0
10306,1.0,0.0,0,0,0,0
11357,6.0,0.0,0,0,6,0
11234,3.0,0.0,0,0,3,0
11235,2.0,0.0,1,0,1,0
11367,5.0,0.0,0,0,5,0
11212,4.0,0.0,0,0,2,0
10103,1.0,0.0,1,0,0,0
11104,4.0,0.0,0,0,4,0
11432,7.0,0.0,0,0,7,0
11692,3.0,0.0,0,0,3,0
10128,2.0,0.0,0,0,2,0
10457,6.0,0.0,0,0,5,0
10019,2.0,0.0,0,0,1,0
11106,1.0,0.0,1,0,0,0
11433,0.0,1.0,0,0,0,0
11236,4.0,0.0,0,0,4,0
10024,3.0,0.0,2,0,0,0
10026,3.0,0.0,0,0,1,0
11205,3.0,0.0,0,0,3,0
11217,5.0,0.0,0,0,5,0
11363,4.0,0.0,0,0,4,0
10032,2.0,1.0,0,0,2,1
11691,11.0,0.0,0,0,11,0
10039,2.0,0.0,1,0,0,0
11205,2.0,0.0,2,0,0,0
10463,2.0,0.0,1,0,0,0
11249,1.0,0.0,1,0,0,0
10469,12.0,0.0,0,0,12,0
11434,2.0,1.0,0,0,1,1
10456,5.0,0.0,0,0,5,0
10458,8.0,0.0,0,0,8,0
11234,2.0,0.0,1,0,1,0
10178,1.0,0.0,0,0,1,0
10467,6.0,0.0,0,0,6,0
11251,0.0,0.0,0,0,0,0
11355,8.0,0.0,0,0,8,0
10018,6.0,0.0,0,0,6,0
11369,1.0,0.0,0,0,0,0
10453,3.0,0.0,0,0,0,0
11426,2.0,0.0,0,0,2,0
11238,3.0,1.0,0,0,2,0
11429,2.0,0.0,0,0,0,0
11414,1.0,0.0,0,0,0,0
10027,7.0,0.0,0,0,7,0
10304,6.0,0.0,0,0,6,0
10312,0.0,1.0,0,0,0,1
11040,0.0,0.0,0,0,0,0
10473,7.0,0.0,0,0,7,0
11207,6.0,0.0,0,0,4,0
11378,5.0,0.0,0,0,5,0
11375,1.0,0.0,0,0,1,0
10002,1.0,0.0,1,0,0,0
10045,2.0,0.0,0,0,2,0
11211,3.0,0.0,0,0,0,0
11692,1.0,0.0,0,0,1,0
11216,1.0,0.0,0,0,0,0
11220,2.0,0.0,1,0,1,0
11101,5.0,0.0,0,0,5,0
11102,0.0,0.0,0,0,0,0
11204,2.0,1.0,0,0,2,1
11215,3.0,0.0,1,0,0,0
10461,1.0,0.0,1,0,0,0
10472,1.0,0.0,1,0,0,0
11221,0.0,0.0,0,0,0,0
11213,2.0,0.0,0,0,2,0
11429,10.0,0.0,0,0,10,0
11423,10.0,0.0,0,0,10,0
11225,6.0,0.0,0,0,6,0
11226,1.0,0.0,0,0,1,0
11428,1.0,0.0,0,0,1,0
10304,2.0,1.0,0,0,0,0
10001,2.0,0.0,0,0,2,0
11211,1.0,0.0,0,0,1,0
10002,6.0,0.0,0,0,6,0
11413,1.0,2.0,0,0,1,2
11219,1.0,0.0,1,0,0,0
11234,0.0,0.0,0,0,1,0
10466,0.0,1.0,0,0,0,1
11432,2.0,0.0,0,0,0,0
11236,2.0,0.0,0,0,1,0
11217,8.0,0.0,0,0,8,0
11215,4.0,2.0,0,0,1,0
10312,2.0,0.0,1,0,1,0
11210,2.0,0.0,2,0,0,0
10033,0.0,0.0,0,0,0,0
10301,6.0,0.0,0,0,6,0
11418,3.0,5.0,0,0,3,5
11224,3.0,0.0,0,0,0,0
11418,1.0,0.0,0,0,1,0
11377,0.0,1.0,0,0,0,1
10312,4.0,0.0,0,0,4,0
11691,5.0,0.0,0,0,5,0
11434,3.0,0.0,0,0,0,0
10006,3.0,0.0,0,0,3,0
10452,0.0,0.0,0,0,0,0
10065,0.0,1.0,0,0,0,0
11369,2.0,0.0,0,0,2,0
10003,0.0,1.0,0,1,0,0
10470,0.0,0.0,0,0,0,0
10035,7.0,0.0,0,0,5,0
11222,1.0,0.0,0,0,0,0
10463,4.0,0.0,0,0,4,0
10452,2.0,0.0,2,0,0,0
10003,2.0,0.0,1,0,1,0
10459,2.0,1.0,0,0,0,1
10310,9.0,0.0,0,0,9,0
10004,3.0,0.0,0,0,3,0
11433,3.0,0.0,0,0,3,0
11415,2.0,0.0,0,0,1,0
10469,1.0,0.0,0,0,1,0
11217,4.0,0.0,0,0,0,0
10030,2.0,0.0,0,0,2,0
10454,4.0,0.0,0,0,0,0
11101,2.0,0.0,1,0,1,0
11421,3.0,0.0,0,0,2,0
10458,0.0,1.0,0,0,0,0
10158,0.0,0.0,0,0,0,0
11224,1.0,0.0,0,0,1,0
10014,5.0,0.0,0,0,5,0
11360,1.0,0.0,1,0,0,0
10301,2.0,0.0,2,0,0,0
10032,2.0,0.0,1,0,0,0
11249,2.0,1.0,0,0,1,0
11220,2.0,0.0,0,0,1,0
11208,2.0,0.0,0,0,0,0
11228,2.0,1.0,0,0,2,1
11364,3.0,3.0,0,0,3,3
10307,0.0,0.0,0,0,0,0
11230,3.0,0.0,0,0,2,0
10018,0.0,1.0,0,0,0,1
11234,2.0,0.0,0,0,2,0
10029,3.0,0.0,0,0,2,0
11233,0.0,0.0,0,0,0,0
11691,6.0,0.0,0,0,6,0
10024,1.0,0.0,0,0,1,0
11214,1.0,0.0,0,0,1,0
11236,0.0,2.0,0,0,0,2
10035,1.0,1.0,1,0,0,0
11367,6.0,0.0,0,0,6,0
11249,0.0,1.0,0,1,0,0
10014,8.0,0.0,0,0,8,0
10308,7.0,0.0,0,0,7,0
11233,4.0,1.0,1,0,1,0
11103,3.0,0.0,0,0,3,0
10306,4.0,0.0,0,0,4,0
10454,3.0,0.0,0,0,0,0
11102,2.0,0.0,0,0,1,0
11218,1.0,0.0,0,0,0,0
10110,1.0,0.0,1,0,0,0
11106,1.0,0.0,0,0,1,0
10451,0.0,1.0,0,0,0,1
10069,2.0,0.0,0,0,2,0
11433,7.0,0.0,0,0,7,0
10034,1.0,0.0,0,0,1,0
10460,0.0,1.0,0,1,0,0
11237,0.0,1.0,0,0,0,1
11374,1.0,0.0,1,0,0,0
11235,2.0,0.0,0,0,2,0
11373,1.0,0.0,0,0,1,0
11212,8.0,0.0,0,0,8,0
10278,1.0,0.0,0,0,1,0
11234,0.0,2.0,0,0,0,2
11210,3.0,0.0,0,0,0,0
10039,4.0,0.0,0,0,4,0
10453,1.0,0.0,1,0,0,0
11206,0.0,0.0,0,0,1,0
11423,0.0,1.0,0,0,0,0
11235,1.0,0.0,1,0,0,0
11210,8.0,0.0,0,0,8,0
11411,3.0,0.0,0,0,3,0
11357,2.0,0.0,0,0,0,0
11423,4.0,0.0,1,0,3,0
10458,2.0,0.0,1,0,1,0
10119,1.0,0.0,0,0,0,0
11358,1.0,0.0,0,0,1,0
11213,2.0,0.0,0,0,0,0
10022,0.0,0.0,0,0,1,0
10459,1.0,0.0,1,0,0,0
10003,7.0,0.0,1,0,3,0
11420,0.0,1.0,0,1,0,0
11226,2.0,0.0,0,0,2,0
10032,1.0,1.0,0,0,1,1
11216,2.0,0.0,0,0,2,0
11423,0.0,0.0,0,0,0,0
10459,2.0,0.0,0,0,1,0
11218,0.0,0.0,0,0,0,0
11204,1.0,0.0,0,0,0,0
11212,2.0,0.0,0,0,2,0
10453,2.0,0.0,0,0,0,0
10029,4.0,1.0,0,0,3,1
10463,0.0,1.0,0,0,0,0
10452,5.0,0.0,0,0,5,0
11235,2.0,0.0,0,0,1,0
11363,3.0,0.0,0,0,3,0
10465,1.0,0.0,0,0,1,0
10475,11.0,0.0,0,0,11,0
11215,2.0,0.0,1,0,1,0
11229,1.0,0.0,1,0,0,0
10171,0.0,0.0,0,0,0,0
10465,2.0,0.0,0,0,0,0
11369,7.0,0.0,0,0,7,0
10025,0.0,0.0,0,0,0,0
10001,3.0,0.0,0,0,1,0
10019,0.0,1.0,0,1,0,0
11217,0.0,0.0,0,0,0,0
11375,4.0,0.0,0,0,4,0
10280,0.0,1.0,0,0,0,0
11223,8.0,0.0,0,0,8,0
11368,2.0,0.0,0,0,1,0
11004,7.0,0.0,0,0,7,0
11105,3.0,0.0,0,0,1,0
11218,2.0,0.0,0,0,1,0
11377,1.0,0.0,0,0,1,0
10037,2.0,0.0,0,0,2,0
11217,1.0,0.0,0,0,1,0
10009,2.0,0.0,0,0,2,0
10282,1.0,0.0,1,0,0,0
10105,1.0,0.0,1,0,0,0
11210,2.0,0.0,1,0,1,0
11105,0.0,1.0,0,0,0,0
10454,2.0,0.0,0,0,2,0
10305,0.0,0.0,0,0,1,0
10456,0.0,1.0,0,0,0,1
11433,4.0,0.0,0,0,4,0
10460,13.0,0.0,0,0,13,0
10454,6.0,0.0,0,0,6,0
11378,5.0,0.0,0,0,0,0
11209,0.0,1.0,0,0,0,0
11233,3.0,0.0,1,0,2,0
11236,1.0,0.0,1,0,0,0
11203,2.0,0.0,2,0,0,0
10468,0.0,1.0,0,0,0,1
11216,5.0,0.0,0,0,4,0
11238,0.0,1.0,0,1,0,0
11423,6.0,0.0,0,0,6,0
10471,4.0,0.0,0,0,4,0
10035,4.0,0.0,0,0,4,0
11225,3.0,0.0,0,0,1,0
10034,2.0,0.0,0,0,2,0
11368,3.0,0.0,0,0,2,0
10304,2.0,0.0,2,0,0,0
11224,2.0,0.0,0,0,0,0
10017,2.0,0.0,0,0,2,0
10031,2.0,0.0,1,0,1,0
11413,2.0,0.0,0,0,0,0
10178,1.0,0.0,0,0,0,0
11414,1.0,0.0,0,0,1,0
10467,4.0,0.0,0,0,1,0
11232,3.0,0.0,1,0,0,0
10002,1.0,0.0,0,0,1,0
11436,1.0,0.0,0,0,0,0
10011,0.0,0.0,0,0,2,0
11235,0.0,0.0,0,0,3,0
10039,2.0,0.0,1,0,1,0
11426,0.0,1.0,0,0,0,1
11366,11.0,0.0,0,0,11,0
10452,2.0,0.0,0,0,2,0
10473,2.0,0.0,0,0,1,0
11378,8.0,0.0,0,0,8,0
11354,1.0,0.0,0,0,1,0
11364,2.0,0.0,0,0,1,0
11226,15.0,0.0,0,0,15,0
11233,4.0,0.0,1,0,3,0
10179,0.0,0.0,0,0,0,0
10470,2.0,0.0,0,0,1,0
11105,0.0,1.0,0,0,0,1
11201,3.0,0.0,0,0,2,0
11412,7.0,0.0,0,0,7,0
11237,3.0,0.0,0,0,2,0
10461,2.0,1.0,0,0,2,1
11691,3.0,0.0,0,0,3,0
10467,3.0,0.0,0,0,3,0
10013,7.0,0.0,0,0,4,0
10014,7.0,0.0,0,0,7,0
11218,1.0,0.0,0,0,1,0
11219,0.0,1.0,0,1,0,0
10013,4.0,0.0,0,0,2,0
11212,3.0,0.0,0,0,2,0
11362,4.0,0.0,0,0,4,0
11430,1.0,0.0,0,0,1,0
11358,6.0,0.0,0,0,6,0
10028,5.0,0.0,0,0,5,0
11691,3.0,0.0,3,0,0,0
10026,2.0,0.0,1,0,1,0
10035,6.0,0.0,0,0,6,0
10010,6.0,0.0,0,0,6,0
10454,2.0,0.0,0,0,0,0
11212,0.0,0.0,0,0,0,0
11375,2.0,0.0,1,0,1,0
11433,6.0,0.0,0,0,6,0
11237,5.0,0.0,0,0,5,0
10459,14.0,0.0,0,0,14,0
11379,0.0,0.0,0,0,0,0
11228,1.0,1.0,0,0,1,0
11373,3.0,0.0,0,0,2,0
11421,2.0,0.0,0,0,1,0
11230,2.0,1.0,0,0,2,1
11213,0.0,1.0,0,0,0,0
11691,7.0,0.0,0,0,7,0
11434,16.0,0.0,0,0,16,0
11415,0.0,0.0,0,0,0,0
10472,0.0,1.0,0,1,0,0
11367,2.0,0.0,0,0,1,0
10010,4.0,1.0,1,0,1,0
10024,2.0,0.0,0,0,2,0
10453,2.0,0.0,2,0,0,0
11214,3.0,0.0,3,0,0,0
10460,0.0,1.0,0,0,0,1
11109,1.0,0.0,0,0,1,0
10463,3.0,0.0,0,0,1,0
11374,4.0,0.0,0,0,3,0
10474,0.0,0.0,0,0,1,0
10110,1.0,0.0,0,0,1,0
11416,3.0,0.0,0,0,0,0
10128,3.0,0.0,0,0,3,0
11436,5.0,0.0,0,0,5,0
11225,5.0,0.0,0,0,5,0
10310,0.0,1.0,0,0,0,1
11217,1.0,1.0,0,0,1,0
11040,4.0,0.0,0,0,4,0
11363,1.0,0.0,1,0,0,0
10017,2.0,0.0,0,0,1,0
10026,3.0,0.0,0,0,3,0
11203,2.0,1.0,0,0,2,1
11228,1.0,0.0,1,0,0,0
10457,7.0,0.0,0,0,7,0
10474,7.0,0.0,0,0,7,0
10463,1.0,1.0,0,0,1,1
10310,6.0,0.0,0,0,6,0
10007,1.0,0.0,0,0,0,0
10459,5.0,0.0,0,0,5,0
10005,3.0,0.0,0,0,3,0
11435,16.0,0.0,0,0,16,0
11217,4.0,0.0,0,0,4,0
11417,0.0,1.0,0,1,0,0
11378,4.0,0.0,0,0,2,0
11355,0.0,1.0,0,0,0,1
10168,1.0,0.0,1,0,0,0
10023,1.0,1.0,0,0,1,0
10467,2.0,0.0,2,0,0,0
11203,2.0,0.0,1,0,1,0
10469,7.0,0.0,0,0,7,0
10019,2.0,0.0,0,0,0,0
10472,3.0,0.0,0,0,0,0
10464,2.0,0.0,1,0,1,0
10001,1.0,1.0,0,0,1,1
10465,3.0,0.0,0,0,3,0
11101,0.0,1.0,0,1,0,0
10012,1.0,0.0,1,0,0,0
10460,2.0,0.0,0,0,0,0
11237,3.0,0.0,1,0,2,0
11412,8.0,0.0,0,0,8,0
10457,5.0,0.0,0,0,5,0
11420,8.0,0.0,0,0,8,0
11213,8.0,0.0,0,0,8,0
10035,8.0,0.0,0,0,8,0
11206,3.0,0.0,0,0,0,0
11210,0.0,1.0,0,0,0,0
10024,7.0,0.0,0,0,7,0
10467,3.0,0.0,0,0,0,0
11201,2.0,0.0,1,0,0,0
10009,2.0,0.0,0,0,1,0
10475,1.0,1.0,0,0,1,1
10009,0.0,1.0,0,1,0,0
11210,7.0,0.0,0,0,7,0
10028,0.0,1.0,0,0,0,0
11433,2.0,0.0,0,0,1,0
11214,0.0,1.0,0,1,0,0
11411,1.0,0.0,0,0,1,0
11414,3.0,0.0,0,0,0,0
11373,2.0,0.0,1,0,1,0
10014,3.0,0.0,0,0,3,0
11201,4.0,0.0,0,0,4,0
10451,1.0,0.0,0,0,0,0
10453,5.0,0.0,0,0,5,0
10036,4.0,0.0,0,0,3,0
11693,2.0,0.0,1,0,0,0
10032,3.0,0.0,0,0,0,0
11210,3.0,0.0,0,0,3,0
11411,0.0,0.0,0,0,0,0
11417,6.0,0.0,0,0,6,0
11104,1.0,0.0,0,0,0,0
11225,4.0,0.0,0,0,4,0
10471,2.0,0.0,0,0,1,0
10305,0.0,1.0,0,0,0,1
11237,4.0,0.0,0,0,4,0
11210,0.0,0.0,0,0,1,0
10472,6.0,0.0,0,0,6,0
10121,1.0,0.0,0,0,1,0
10169,1.0,0.0,0,0,0,0
11201,0.0,0.0,0,0,2,0
11207,1.0,0.0,0,0,0,0
11231,4.0,0.0,0,0,4,0
10466,2.0,0.0,1,0,1,0
11204,3.0,0.0,0,0,0,0
10035,7.0,0.0,0,0,7,0
10301,0.0,1.0,0,0,0,1
11236,4.0,0.0,0,0,3,0
11423,4.0,0.0,0,0,4,0
11225,13.0,0.0,0,0,13,0
11691,4.0,0.0,0,0,0,0
10036,1.0,0.0,0,0,0,0
11222,3.0,0.0,0,0,2,0
10028,2.0,0.0,0,0,2,0
11105,6.0,0.0,0,0,4,0
10119,2.0,0.0,0,0,0,0
11372,0.0,0.0,1,0,0,0
11231,2.0,0.0,1,0,1,0
11212,3.0,1.0,0,0,3,1
11358,2.0,0.0,0,0,2,0
10466,4.0,0.0,0,0,2,0
11207,8.0,0.0,0,0,8,0
11366,2.0,0.0,0,0,1,0
11366,5.0,0.0,0,0,5,0
10473,3.0,0.0,0,0,0,0
11423,0.0,1.0,0,0,0,1
11375,2.0,0.0,2,0,0,0
10456,1.0,2.0,0,0,0,0
10453,1.0,0.0,0,0,3,0
11373,4.0,0.0,0,0,4,0
11223,3.0,0.0,0,0,2,0
11249,2.0,0.0,0,0,0,0
11377,1.0,0.0,0,0,0,0
11239,4.0,0.0,0,0,4,0
11370,0.0,1.0,0,0,0,0
11203,4.0,0.0,0,0,0,0
11225,8.0,0.0,0,0,8,0
10020,2.0,0.0,1,0,0,0
10306,3.0,0.0,0,0,2,0
11417,5.0,0.0,0,0,5,0
11204,7.0,0.0,0,0,6,0
11105,1.0,0.0,1,0,0,0
11433,2.0,0.0,2,0,0,0
11201,0.0,1.0,0,0,0,0
10007,0.0,1.0,0,1,0,0
11235,2.0,0.0,0,0,0,0
10474,2.0,0.0,0,0,2,0
11367,3.0,0.0,0,0,3,0
10065,1.0,0.0,1,0,0,0
11364,0.0,0.0,0,0,0,0
11357,5.0,0.0,0,0,5,0
11106,1.0,0.0,0,0,0,0
11208,1.0,1.0,0,0,0,0
10011,2.0,0.0,1,0,0,0
11373,0.0,1.0,0,0,0,1
10003,1.0,0.0,1,0,0,0
11230,1.0,0.0,0,0,1,0
10453,3.0,0.0,0,0,3,0
10173,0.0,0.0,0,0,0,0
10023,1.0,1.0,0,0,1,1
11223,0.0,0.0,0,0,0,0
11221,3.0,0.0,0,0,2,0
11230,2.0,0.0,0,0,2,0
10022,3.0,0.0,3,0,0,0
11001,1.0,0.0,0,0,1,0
11103,5.0,0.0,0,0,5,0
11221,2.0,0.0,2,0,0,0
11385,2.0,0.0,0,0,0,0
11216,5.0,0.0,0,0,5,0
10001,0.0,1.0,0,1,0,0
11216,0.0,1.0,0,0,0,0
10458,2.0,0.0,1,0,0,0
11369,2.0,0.0,0,0,1,0
11238,2.0,0.0,0,0,1,0
10023,3.0,0.0,0,0,0,0
10021,3.0,0.0,0,0,3,0
11206,2.0,1.0,0,0,2,1
10466,1.0,1.0,0,0,1,1
11212,4.0,0.0,0,0,3,0
11208,3.0,0.0,0,0,3,0
11224,1.0,1.0,0,0,1,1
10007,0.0,0.0,0,0,1,0
11374,0.0,1.0,0,1,0,0
10458,2.0,0.0,0,0,1,0
10472,1.0,0.0,0,0,1,0
10465,0.0,1.0,0,0,0,1
10468,1.0,0.0,0,0,0,0
11385,8.0,0.0,0,0,8,0
10474,14.0,0.0,0,0,14,0
11236,4.0,0.0,1,0,2,0
11001,6.0,0.0,0,0,6,0
11201,0.0,0.0,0,0,3,0
10459,1.0,0.0,0,0,0,0
11220,3.0,0.0,0,0,1,0
11215,5.0,0.0,1,0,3,0
10018,3.0,0.0,0,0,3,0
10301,1.0,0.0,0,0,1,0
11004,5.0,0.0,0,0,5,0
10038,4.0,0.0,0,0,4,0
11362,3.0,0.0,0,0,3,0
10021,2.0,0.0,1,0,0,0
11219,0.0,1.0,0,0,0,0
10013,3.0,0.0,1,0,0,0
10460,0.0,0.0,0,0,0,0
11203,4.0,1.0,0,0,4,1
10003,0.0,0.0,0,0,1,0
11426,1.0,0.0,1,0,0,0
11238,3.0,0.0,0,0,3,0
11372,3.0,0.0,0,0,0,0
11205,1.0,0.0,1,0,0,0
11435,2.0,0.0,0,0,1,0
11203,2.0,0.0,0,0,0,0
11373,6.0,0.0,0,0,6,0
11434,1.0,1.0,1,1,0,0
10036,3.0,0.0,1,0,1,0
11214,2.0,0.0,2,0,0,0
11204,6.0,0.0,0,0,6,0
10310,2.0,1.0,0,0,2,1
10467,8.0,0.0,0,0,8,0
10045,0.0,0.0,0,0,0,0
10467,0.0,1.0,0,0,0,1
11432,0.0,0.0,0,0,0,0
11432,1.0,0.0,1,0,0,0
11375,3.0,0.0,1,0,2,0
11426,2.0,0.0,0,0,1,0
10039,0.0,0.0,0,0,0,0
11106,2.0,0.0,0,0,0,0
11218,4.0,0.0,0,0,4,0
11427,1.0,0.0,0,0,0,0
10455,4.0,0.0,0,0,1,0
10004,2.0,0.0,0,0,0,0
10013,2.0,0.0,0,0,0,0
11366,0.0,1.0,0,0,0,1
11204,2.0,0.0,0,0,1,0
11101,1.0,1.0,0,0,1,1
10039,3.0,0.0,0,0,3,0
10306,4.0,0.0,0,0,1,0
11361,3.0,0.0,0,0,3,0
11691,1.0,0.0,1,0,0,0
11101,2.0,1.0,0,0,2,0
11207,2.0,0.0,0,0,1,0
11428,5.0,0.0,0,0,5,0
10014,0.0,0.0,0,0,1,0
10009,5.0,0.0,0,0,5,0
10470,5.0,0.0,0,0,5,0
11001,3.0,0.0,0,0,3,0
11432,3.0,2.0,0,0,0,0
10036,2.0,0.0,2,0,0,0
11372,0.0,0.0,0,0,0,0
10803,1.0,0.0,0,0,1,0
10011,4.0,0.0,0,0,0,0
11421,0.0,0.0,0,0,2,0
10039,5.0,0.0,0,0,5,0
10463,7.0,0.0,0,0,7,0
10463,2.0,0.0,0,0,2,0
11207,3.0,0.0,0,0,2,0
11211,2.0,0.0,0,0,1,0
11235,5.0,0.0,0,0,5,0
11239,3.0,1.0,0,0,3,1
11249,6.0,0.0,0,0,6,0
10468,3.0,0.0,0,0,3,0
10120,1.0,0.0,0,0,0,0
11423,2.0,0.0,0,0,0,0
11412,0.0,1.0,0,0,0,1
10306,10.0,0.0,0,0,10,0
11102,2.0,0.0,1,0,1,0
11419,1.0,0.0,0,0,1,0
11423,1.0,0.0,0,0,1,0
10462,0.0,1.0,0,0,0,0
11219,3.0,0.0,0,0,2,0
10023,2.0,0.0,0,0,0,0
10474,8.0,0.0,0,0,8,0
10009,1.0,0.0,0,0,1,0
10271,2.0,0.0,1,0,1,0
11433,13.0,0.0,0,0,13,0
10036,2.0,0.0,0,0,1,0
11411,2.0,0.0,0,0,2,0
10024,1.0,0.0,0,0,0,0
10460,1.0,0.0,0,0,0,0
10032,2.0,0.0,0,0,1,0
11101,2.0,0.0,1,0,0,0
11238,10.0,0.0,0,0,10,0
11203,7.0,0.0,0,0,7,0
10040,1.0,0.0,0,0,0,0
11226,1.0,0.0,0,0,0,0
10037,2.0,0.0,1,0,0,0
10128,1.0,0.0,1,0,0,0
11225,1.0,0.0,1,0,0,0
10029,2.0,0.0,1,0,1,0
11217,2.0,0.0,0,0,2,0
10474,5.0,0.0,0,0,5,0
10451,2.0,0.0,0,0,0,0
10009,3.0,0.0,0,0,1,0
10466,5.0,0.0,0,0,5,0
11236,3.0,0.0,1,0,0,0
10453,3.0,0.0,0,0,1,0
11104,3.0,0.0,0,0,0,0
11355,7.0,0.0,0,0,7,0
10004,3.0,1.0,0,0,1,0
11426,3.0,0.0,0,0,3,0
11226,2.0,0.0,0,0,1,0
10152,0.0,0.0,0,0,0,0
11429,7.0,0.0,0,0,7,0
11372,2.0,0.0,1,0,1,0
11361,2.0,0.0,0,0,0,0
10006,0.0,0.0,0,0,0,0
10314,2.0,0.0,0,0,1,0
10016,4.0,0.0,0,0,3,0
10473,2.0,0.0,0,0,0,0
11221,2.0,0.0,1,0,1,0
11416,5.0,0.0,0,0,5,0
11430,2.0,0.0,0,0,2,0
10452,6.0,0.0,0,0,6,0
11211,0.0,1.0,0,1,0,0
11417,1.0,0.0,1,0,0,0
11212,5.0,0.0,0,0,4,0
11204,8.0,0.0,0,0,8,0
10457,2.0,0.0,1,0,0,0
11211,3.0,0.0,1,0,2,0
11422,6.0,0.0,0,0,4,0
10027,5.0,0.0,0,0,5,0
11218,1.0,1.0,0,0,1,1
11203,10.0,0.0,0,0,10,0
10456,2.0,1.0,0,0,2,0
10128,1.0,0.0,0,0,0,0
10301,3.0,0.0,0,0,1,0
10006,3.0,0.0,0,0,1,0
10001,6.0,0.0,0,0,6,0
11211,8.0,0.0,0,0,8,0
11213,10.0,0.0,0,0,10,0
10454,4.0,0.0,0,0,2,0
10040,0.0,1.0,0,0,0,0
10475,7.0,0.0,0,0,7,0
10118,0.0,0.0,0,0,0,0
10024,2.0,0.0,1,0,0,0
10012,3.0,0.0,0,0,3,0
11412,4.0,0.0,0,0,3,0
10308,1.0,1.0,0,0,1,1
11354,3.0,0.0,0,0,0,0
11412,1.0,0.0,0,0,1,0
10026,4.0,0.0,0,0,4,0
10307,4.0,0.0,0,0,4,0
10009,0.0,0.0,0,0,1,0
10030,3.0,0.0,0,0,3,0
10031,0.0,0.0,0,0,0,0
10451,2.0,0.0,0,0,1,0
10025,2.0,0.0,2,0,0,0
11223,4.0,0.0,0,0,4,0
10103,0.0,0.0,0,0,0,0
10016,0.0,0.0,0,0,0,0
11378,0.0,1.0,0,1,0,0
11378,0.0,1.0,0,0,0,0
11106,0.0,1.0,0,0,0,1
10014,2.0,0.0,2,0,0,0
10016,4.0,0.0,0,0,4,0
10005,0.0,0.0,0,0,0,0
11367,1.0,0.0,0,0,0,0
11040,1.0,0.0,0,0,0,0
11427,5.0,0.0,0,0,5,0
11249,2.0,0.0,1,0,1,0
10475,0.0,0.0,0,0,0,0
11417,0.0,2.0,0,0,0,0
11210,1.0,1.0,0,0,1,1
11223,6.0,0.0,0,0,6,0
10036,4.0,0.0,0,0,4,0
10309,9.0,0.0,0,0,9,0
11377,5.0,0.0,0,0,5,0
11208,1.0,1.0,0,0,1,1
11423,2.0,0.0,0,0,2,0
11377,0.0,2.0,0,0,0,1
11411,2.0,0.0,1,0,1,0
11226,2.0,0.0,1,0,1,0
11207,10.0,1.0,0,0,10,0
11412,2.0,0.0,0,0,1,0
11109,2.0,0.0,0,0,2,0
10455,2.0,0.0,0,0,1,0
10465,7.0,0.0,0,0,7,0
11362,1.0,0.0,0,0,1,0
11421,2.0,0.0,0,0,0,0
11356,6.0,0.0,0,0,6,0
10457,1.0,0.0,1,0,0,0
10010,0.0,0.0,0,0,0,0
11249,0.0,1.0,0,0,0,0
11377,1.0,0.0,1,0,0,0
11213,6.0,0.0,0,0,6,0
11226,2.0,0.0,2,0,0,0
11215,3.0,0.0,2,0,1,0
11219,1.0,0.0,0,0,0,0
10457,4.0,0.0,0,0,0,0
10470,7.0,0.0,0,0,7,0
10016,3.0,1.0,0,0,3,1
11221,5.0,0.0,0,0,5,0
10023,2.0,0.0,0,0,1,0
10036,3.0,0.0,0,0,1,0
11224,2.0,0.0,0,0,1,0
10010,3.0,0.0,0,0,0,0
10022,5.0,0.0,0,0,5,0
11364,1.0,1.0,0,0,1,1
10002,4.0,0.0,0,0,4,0
11418,0.0,1.0,0,0,0,1
11204,7.0,0.0,0,0,7,0
10451,1.0,1.0,0,0,1,1
10170,1.0,0.0,0,0,0,0
11230,4.0,0.0,0,0,0,0
10308,0.0,1.0,0,0,0,1
11225,3.0,0.0,0,0,2,0
10457,1.0,0.0,0,0,0,0
11215,1.0,0.0,1,0,0,0
11223,0.0,1.0,0,0,0,0
11236,4.0,0.0,0,0,1,0
10036,5.0,0.0,0,0,5,0
11208,0.0,1.0,0,0,0,0
10035,3.0,0.0,0,0,0,0
11385,2.0,0.0,1,0,1,0
11236,3.0,1.0,0,0,3,1
11225,0.0,0.0,0,0,0,0
11691,2.0,0.0,0,0,1,0
11229,2.0,1.0,0,0,0,0
10463,8.0,0.0,0,0,8,0
11357,1.0,0.0,1,0,0,0
11101,3.0,0.0,0,0,3,0
10027,2.0,0.0,0,0,1,0
11418,4.0,0.0,0,0,4,0
10460,2.0,0.0,0,0,1,0
11004,2.0,0.0,0,0,1,0
11203,1.0,0.0,0,0,1,0
10278,0.0,0.0,0,0,0,0
11224,5.0,0.0,0,0,3,0
10280,2.0,0.0,0,0,0,0
11421,5.0,0.0,0,0,5,0
10314,0.0,0.0,0,0,0,0
10011,2.0,0.0,1,0,1,0
10001,1.0,1.0,0,0,0,0
11224,0.0,1.0,0,0,0,0
10459,3.0,0.0,0,0,2,0
10031,1.0,0.0,1,0,0,0
11232,0.0,0.0,0,0,4,0
11355,0.0,0.0,0,0,0,0
10466,10.0,0.0,0,0,10,0
11367,8.0,0.0,0,0,8,0
11214,3.0,0.0,0,0,3,0
11208,4.0,0.0,0,0,2,0
10458,5.0,0.0,0,0,0,0
11207,2.0,0.0,1,0,0,0
11235,3.0,0.0,0,0,1,0
10278,1.0,0.0,0,0,0,0
11357,0.0,1.0,0,0,0,0
10035,0.0,1.0,0,0,0,1
11228,2.0,0.0,0,0,0,0
10474,0.0,1.0,0,1,0,0
10301,17.0,0.0,0,0,17,0
11372,2.0,1.0,0,0,2,1
11230,4.0,0.0,0,0,4,0
11234,4.0,1.0,0,0,4,1
10456,7.0,0.0,0,0,7,0
10001,4.0,1.0,1,0,1,0
10463,1.0,1.0,0,0,1,0
11435,2.0,0.0,1,0,1,0
10468,1.0,0.0,1,0,0,0
10469,2.0,0.0,2,0,0,0
10028,2.0,0.0,2,0,0,0
10458,0.0,0.0,0,0,0,0
10468,4.0,0.0,0,0,4,0
11212,3.0,0.0,1,0,2,0
11354,0.0,0.0,0,0,0,0
10459,7.0,0.0,0,0,7,0
11207,7.0,0.0,0,0,0,0
11212,2.0,0.0,0,0,1,0
11412,6.0,0.0,0,0,6,0
10030,1.0,0.0,1,0,0,0
10457,5.0,0.0,0,0,4,0
10456,8.0,0.0,0,0,8,0
10459,0.0,1.0,0,0,0,1
11356,7.0,0.0,0,0,7,0
11422,0.0,1.0,0,0,0,1
10018,1.0,0.0,0,0,1,0
11234,1.0,1.0,0,0,1,0
10034,2.0,0.0,0,0,1,0
11224,5.0,0.0,0,0,5,0
10022,0.0,1.0,0,1,0,0
10003,2.0,0.0,0,0,1,0
10301,9.0,0.0,0,0,9,0
11426,5.0,0.0,0,0,5,0
11209,0.0,1.0,0,0,0,1
11229,2.0,0.0,1,0,0,0
11378,2.0,0.0,0,0,0,0
11249,3.0,0.0,3,0,0,0
11358,2.0,0.0,0,0,1,0
11373,3.0,0.0,0,0,3,0
10312,3.0,1.0,0,0,3,1
10005,1.0,0.0,0,0,1,0
10468,3.0,0.0,0,0,1,0
11212,11.0,0.0,0,0,11,0
11429,4.0,0.0,0,0,3,0
10022,0.0,0.0,0,0,4,0
10023,3.0,0.0,0,0,2,0
10279,0.0,0.0,0,0,0,0
11226,5.0,0.0,0,0,5,0
11419,3.0,0.0,0,0,2,0
11224,0.0,0.0,0,0,3,0
11693,1.0,0.0,0,0,0,0
11217,3.0,0.0,0,0,3,0
11212,3.0,0.0,1,0,1,0
11215,7.0,0.0,0,0,7,0
10001,0.0,1.0,0,0,0,1
11221,8.0,0.0,0,0,8,0
11236,5.0,0.0,0,0,4,0
11203,4.0,0.0,0,0,4,0
11368,5.0,0.0,0,0,4,0
10470,1.0,0.0,0,0,1,0
11363,1.0,0.0,0,0,1,0
10312,8.0,0.0,0,0,8,0
10463,10.0,1.0,0,0,10,1
11212,1.0,0.0,0,0,0,0
10459,2.0,0.0,0,0,2,0
11208,2.0,0.0,0,0,2,0
11237,1.0,0.0,0,0,0,0
10035,2.0,0.0,0,0,2,0
10453,3.0,0.0,3,0,0,0
11233,1.0,1.0,0,0,1,0
10468,3.0,0.0,1,0,0,0
10007,2.0,0.0,1,0,1,0
11220,5.0,0.0,0,0,4,0
10457,17.0,0.0,0,0,17,0
10013,1.0,0.0,0,0,1,0
10468,5.0,0.0,0,0,4,0
10065,2.0,0.0,0,0,0,0
11223,3.0,0.0,0,0,3,0
11694,2.0,0.0,2,0,0,0
11427,0.0,1.0,0,0,0,1
10011,5.0,0.0,0,0,5,0
10002,0.0,1.0,0,1,0,0
10004,0.0,0.0,0,0,0,0
10014,1.0,0.0,0,0,1,0
10459,0.0,0.0,0,0,0,0
11249,2.0,0.0,2,0,0,0
11235,1.0,0.0,0,0,1,0
11434,2.0,0.0,2,0,0,0
11215,1.0,1.0,0,0,1,1
11432,3.0,0.0,0,0,3,0
10462,7.0,0.0,0,0,7,0
10029,0.0,1.0,0,1,0,0
11361,2.0,0.0,0,0,2,0
10475,6.0,0.0,0,0,0,0
11414,3.0,0.0,0,0,3,0
10463,5.0,0.0,0,0,5,0
11379,1.0,0.0,0,0,0,0
11422,9.0,0.0,0,0,9,0
10035,5.0,0.0,0,0,4,0
10461,3.0,0.0,0,0,0,0
11378,2.0,0.0,0,0,2,0
11217,6.0,0.0,1,0,4,0
11102,0.0,1.0,0,0,0,1
11223,1.0,0.0,0,0,0,0
10310,7.0,0.0,0,0,7,0
11232,2.0,0.0,2,0,0,0
11694,2.0,0.0,0,0,0,0
10464,0.0,1.0,0,0,0,1
11422,7.0,0.0,0,0,7,0
10033,2.0,0.0,1,0,0,0
11370,1.0,0.0,1,0,0,0
11236,1.0,0.0,0,0,0,0
11207,3.0,0.0,1,0,2,0
11208,1.0,0.0,0,0,0,0
10029,3.0,1.0,0,0,3,0
10469,4.0,0.0,0,0,4,0
11210,5.0,0.0,0,0,2,0
10460,7.0,0.0,0,0,2,0
11416,8.0,1.0,0,0,8,1
11224,3.0,0.0,0,0,1,0
11693,0.0,0.0,0,0,0,0
10461,0.0,1.0,0,0,0,0
10018,0.0,1.0,0,1,0,0
10022,3.0,0.0,0,0,3,0
11214,5.0,0.0,0,0,0,0
11428,3.0,0.0,1,0,2,0
11368,2.0,0.0,1,0,1,0
11418,2.0,0.0,0,0,0,0
10454,2.0,1.0,0,0,2,0
10309,3.0,0.0,0,0,3,0
10453,4.0,0.0,0,0,3,0
10009,3.0,0.0,0,0,3,0
11234,4.0,0.0,0,0,3,0
11203,24.0,0.0,0,0,24,0
11224,7.0,0.0,0,0,7,0
11423,3.0,0.0,0,0,2,0
11429,6.0,0.0,0,0,6,0
11210,5.0,0.0,0,0,5,0
10312,5.0,0.0,0,0,5,0
10027,2.0,1.0,0,0,2,1
11239,2.0,0.0,0,0,0,0
10308,1.0,0.0,1,0,0,0
11695,2.0,0.0,0,0,2,0
11362,2.0,0.0,0,0,2,0
11693,5.0,0.0,0,0,5,0
11001,2.0,0.0,0,0,0,0
11225,2.0,0.0,1,0,1,0
11216,6.0,0.0,0,0,6,0
11418,2.0,0.0,2,0,0,0
10003,1.0,0.0,0,0,1,0
10014,1.0,0.0,0,0,0,0
10451,1.0,1.0,0,0,1,0
11214,6.0,0.0,0,0,6,0
10011,1.0,0.0,1,0,0,0
11434,2.0,0.0,0,0,2,0
11369,6.0,0.0,0,0,6,0
10036,2.0,0.0,0,0,2,0
11422,1.0,0.0,0,0,1,0
11423,3.0,0.0,0,0,0,0
10025,3.0,0.0,0,0,0,0
11235,0.0,0.0,0,0,1,0
11416,3.0,0.0,0,0,3,0
10119,1.0,0.0,1,0,0,0
11208,4.0,0.0,0,0,4,0
11436,1.0,0.0,0,0,1,0
10029,13.0,0.0,0,0,13,0
11228,3.0,0.0,0,0,3,0
10007,5.0,0.0,0,0,5,0
10172,1.0,0.0,0,0,1,0
11435,6.0,0.0,0,0,6,0
11220,4.0,0.0,0,0,3,0
11362,1.0,0.0,0,0,0,0
10069,1.0,0.0,1,0,0,0
11428,2.0,0.0,0,0,2,0
10475,2.0,0.0,0,0,1,0
11203,1.0,1.0,0,0,1,1
11106,0.0,1.0,0,1,0,0
11429,2.0,1.0,0,0,2,1
10027,12.0,0.0,0,0,12,0
10153,0.0,0.0,0,0,0,0
11213,0.0,0.0,0,0,4,0
10027,6.0,0.0,0,0,6,0
11218,4.0,1.0,0,0,4,1
10004,1.0,0.0,1,0,0,0
11693,0.0,1.0,0,0,0,0
11103,4.0,0.0,0,0,4,0
11230,4.0,0.0,4,0,0,0
10007,1.0,0.0,0,0,1,0
10457,2.0,0.0,0,0,1,0
10007,2.0,0.0,1,0,0,0
11366,3.0,0.0,0,0,3,0
10035,1.0,1.0,0,0,0,0
10012,5.0,0.0,0,0,5,0
11429,0.0,0.0,0,0,0,0
11413,2.0,0.0,1,0,1,0
11412,1.0,0.0,1,0,0,0
10036,2.0,0.0,1,0,1,0
10016,7.0,0.0,0,0,0,0
11416,4.0,0.0,0,0,2,0
10460,3.0,0.0,0,0,3,0
11203,5.0,0.0,0,0,0,0
11435,0.0,1.0,0,0,0,1
10037,2.0,1.0,0,0,1,0
11239,6.0,0.0,0,0,2,0
10036,3.0,0.0,3,0,0,0
11692,5.0,0.0,0,0,5,0
10011,9.0,0.0,0,0,9,0
10002,2.0,0.0,2,0,0,0
11373,3.0,0.0,0,0,0,0
11238,1.0,0.0,1,0,0,0
11367,0.0,0.0,0,0,0,0
10461,5.0,0.0,0,0,5,0
11249,1.0,0.0,0,0,0,0
11211,2.0,0.0,1,0,1,0
10309,8.0,0.0,0,0,8,0
11040,3.0,0.0,0,0,3,0
10037,2.0,0.0,1,0,1,0
11418,2.0,0.0,0,0,2,0
10030,2.0,0.0,1,0,1,0
11379,3.0,0.0,0,0,0,0
11101,0.0,0.0,0,0,0,0
11697,1.0,0.0,1,0,0,0
11691,1.0,0.0,0,0,0,0
10305,1.0,1.0,0,0,1,0
10032,5.0,0.0,0,0,5,0
11422,1.0,0.0,1,0,0,0
11105,6.0,0.0,0,0,6,0
11234,3.0,0.0,0,0,0,0
11693,3.0,0.0,0,0,2,0
10464,1.0,0.0,0,0,1,0
10456,0.0,1.0,0,0,0,0
11412,4.0,0.0,0,0,4,0
10035,0.0,1.0,0,1,0,0
11218,3.0,0.0,0,0,0,0
10301,2.0,0.0,0,0,1,0
10012,2.0,0.0,0,0,2,0
11217,6.0,0.0,1,0,5,0
11432,1.0,0.0,0,0,1,0
10048,1.0,0.0,0,0,1,0
10075,1.0,0.0,0,0,0,0
11215,1.0,0.0,0,0,0,0
10027,2.0,0.0,0,0,2,0
11234,2.0,1.0,0,0,2,1
11211,2.0,0.0,0,0,2,0
11212,4.0,0.0,0,0,4,0
10065,1.0,0.0,0,0,0,0
11430,3.0,0.0,0,0,3,0
11228,4.0,0.0,0,0,4,0
11209,1.0,0.0,0,0,1,0
10314,0.0,1.0,0,0,0,0
11220,3.0,0.0,1,0,0,0
11360,3.0,0.0,0,0,3,0
11205,6.0,0.0,0,0,4,0
11694,4.0,0.0,0,0,0,0
11416,0.0,1.0,0,0,0,1
10007,2.0,0.0,0,0,2,0
10458,1.0,0.0,0,0,0,0
11435,3.0,0.0,0,0,1,0
10034,7.0,0.0,0,0,7,0
11433,4.0,0.0,0,0,3,0
10031,2.0,0.0,0,0,0,0
11414,2.0,0.0,0,0,2,0
10025,1.0,1.0,0,0,0,0
11691,0.0,1.0,0,0,0,0
11228,6.0,0.0,0,0,6,0
10016,2.0,0.0,0,0,0,0
11358,3.0,0.0,0,0,3,0
11201,4.0,0.0,0,0,0,0
11220,3.0,0.0,0,0,2,0
11203,5.0,0.0,0,0,5,0
11220,1.0,1.0,0,1,1,0
10451,2.0,0.0,1,0,0,0
10004,2.0,0.0,0,0,2,0
10457,20.0,0.0,0,0,20,0
11238,0.0,1.0,0,0,0,0
11369,3.0,0.0,0,0,3,0
10014,0.0,0.0,0,0,2,0
10312,2.0,0.0,0,0,2,0
10014,4.0,0.0,0,0,4,0
10455,6.0,0.0,0,0,6,0
11693,8.0,0.0,0,0,8,0
10456,2.0,0.0,1,0,1,0
10000,2.0,0.0,2,0,0,0
10065,1.0,0.0,0,0,1,0
10016,2.0,0.0,0,0,2,0
11222,2.0,0.0,0,0,0,0
11373,1.0,0.0,0,0,0,0
10306,2.0,1.0,0,0,2,1
10013,2.0,0.0,0,0,2,0
11223,2.0,0.0,0,0,2,0
11372,2.0,1.0,0,0,2,0
11208,15.0,1.0,0,0,15,1
11432,6.0,0.0,0,0,6,0
10468,2.0,0.0,0,0,0,0
10169,2.0,0.0,0,0,2,0
10025,2.0,0.0,0,0,2,0
10282,3.0,0.0,0,0,3,0
11233,7.0,0.0,0,0,7,0
10462,1.0,0.0,0,0,0,0
10006,2.0,0.0,1,0,0,0
11101,0.0,0.0,0,0,0,0
11101,1.0,0.0,0,0,0,0
11236,7.0,0.0,0,0,7,0
11385,1.0,1.0,0,0,1,1
10019,2.0,0.0,1,0,0,0
11413,0.0,0.0,0,0,1,0
11372,2.0,0.0,2,0,0,0
10010,9.0,0.0,0,0,9,0
10018,10.0,0.0,0,0,8,0
10463,2.0,0.0,0,0,1,0
11208,4.0,0.0,0,0,1,0
11374,5.0,0.0,0,0,5,0
11415,2.0,0.0,0,0,2,0
10304,2.0,0.0,0,0,0,0
11208,3.0,0.0,0,0,0,0
10458,0.0,0.0,0,0,0,0
11104,1.0,0.0,0,0,1,0
11385,1.0,1.0,0,0,1,0
11234,2.0,0.0,2,0,0,0
10302,3.0,0.0,0,0,3,0
10110,1.0,0.0,0,0,0,0
11370,2.0,0.0,0,0,1,0
10310,5.0,0.0,0,0,5,0
10307,2.0,0.0,0,0,0,0
10007,0.0,0.0,0,0,0,0
11221,1.0,0.0,0,0,1,0
10451,0.0,0.0,0,0,0,0
10312,1.0,1.0,0,0,1,0
11226,2.0,0.0,1,0,0,0
11416,2.0,0.0,0,0,2,0
11229,0.0,1.0,0,0,0,1
10002,2.0,0.0,1,0,0,0
10032,0.0,1.0,0,1,0,0
11366,4.0,0.0,0,0,4,0
10013,5.0,0.0,0,0,5,0
11204,1.0,1.0,0,0,0,0
10301,4.0,0.0,0,0,4,0
10121,1.0,0.0,0,0,0,0
10018,7.0,0.0,0,0,0,0
11434,7.0,0.0,0,0,7,0
10474,6.0,0.0,0,0,6,0
11417,1.0,0.0,0,0,1,0
11356,3.0,0.0,0,0,3,0
10464,6.0,0.0,0,0,6,0
11213,5.0,0.0,0,0,2,0
10011,0.0,1.0,0,0,0,0
11230,6.0,0.0,0,0,6,0
11427,7.0,0.0,0,0,7,0
11427,2.0,0.0,0,0,1,0
11207,0.0,0.0,0,0,2,0
11236,5.0,0.0,0,0,3,0
10023,1.0,0.0,1,0,0,0
10460,2.0,0.0,2,0,0,0
10026,2.0,0.0,0,0,2,0
10169,0.0,0.0,0,0,0,0
10036,0.0,0.0,0,0,2,0
10021,0.0,1.0,0,0,0,0
11691,4.0,1.0,0,0,4,0
10465,4.0,0.0,0,0,4,0
10005,1.0,0.0,1,0,0,0
11201,6.0,0.0,0,0,6,0
10457,2.0,0.0,0,0,2,0
11416,11.0,0.0,0,0,11,0
10155,1.0,0.0,1,0,0,0
10018,2.0,0.0,2,0,0,0
10024,0.0,1.0,0,0,0,0
11423,1.0,2.0,0,0,1,2
10128,1.0,1.0,0,0,1,0
11216,2.0,0.0,2,0,0,0
10011,4.0,0.0,0,0,3,0
11238,1.0,1.0,0,1,1,0
10470,1.0,0.0,1,0,0,0
10464,3.0,0.0,0,0,2,0
10027,0.0,1.0,0,0,0,1
10304,0.0,1.0,0,0,0,0
11223,1.0,1.0,0,0,0,0
10006,1.0,0.0,0,0,0,0
11221,2.0,0.0,0,0,0,0
10453,6.0,0.0,0,0,6,0
10013,3.0,0.0,0,0,1,0
11692,0.0,0.0,0,0,0,0
10123,1.0,0.0,0,0,1,0
10312,6.0,0.0,0,0,6,0
10023,2.0,0.0,1,0,1,0
10013,4.0,0.0,0,0,1,0
10475,1.0,0.0,1,0,0,0
10454,8.0,0.0,0,0,8,0
11101,4.0,1.0,0,0,0,0
11221,2.0,0.0,0,0,2,0
11216,5.0,0.0,0,0,3,0
10452,3.0,0.0,0,0,0,0
11102,6.0,0.0,0,0,6,0
11415,1.0,0.0,0,0,1,0
11106,9.0,0.0,0,0,9,0
11355,5.0,0.0,0,0,1,0
10019,0.0,1.0,0,0,0,1
10027,17.0,0.0,0,0,17,0
11362,0.0,0.0,0,0,0,0
10010,5.0,0.0,0,0,5,0
10473,0.0,0.0,0,0,0,0
11201,1.0,0.0,0,0,1,0
11201,1.0,0.0,1,0,0,0
10039,2.0,0.0,0,0,0,0
11205,3.0,1.0,0,0,0,0
10037,7.0,0.0,0,0,7,0
10016,7.0,0.0,0,0,7,0
11385,7.0,0.0,0,0,7,0
11414,3.0,0.0,0,0,2,0
10458,6.0,0.0,0,0,5,0
10271,1.0,0.0,1,0,0,0
11224,0.0,0.0,0,0,0,0
10312,7.0,0.0,0,0,7,0
10037,5.0,0.0,0,0,5,0
10007,1.0,0.0,1,0,0,0
11207,6.0,0.0,0,0,0,0
10469,0.0,0.0,0,0,1,0
10012,4.0,0.0,0,0,4,0
10455,10.0,0.0,0,0,10,0
11004,1.0,1.0,0,0,1,1
10467,5.0,0.0,0,0,4,0
11215,10.0,0.0,0,0,10,0
11417,2.0,0.0,0,0,2,0
11692,2.0,0.0,0,0,2,0
10282,1.0,0.0,0,0,1,0
11101,4.0,0.0,0,0,3,0
11219,0.0,0.0,0,0,0,0
11385,3.0,0.0,0,0,3,0
11375,3.0,0.0,0,0,1,0
11221,3.0,0.0,1,0,2,0
11207,18.0,0.0,0,0,18,0
10456,2.0,0.0,0,0,0,0
11354,10.0,0.0,0,0,10,0
11434,0.0,1.0,0,0,0,0
11415,5.0,0.0,0,0,5,0
10453,2.0,0.0,1,0,1,0
11201,0.0,0.0,0,0,0,0
10302,3.0,0.0,0,0,0,0
10281,0.0,1.0,0,0,0,1
11417,2.0,0.0,0,0,0,0
11222,1.0,0.0,0,0,1,0
10128,1.0,1.0,0,0,1,1
10020,1.0,0.0,0,0,2,0
10036,2.0,0.0,1,0,0,0
10001,1.0,0.0,0,0,0,0
11427,1.0,0.0,0,0,1,0
11102,4.0,0.0,0,0,4,0
10009,2.0,0.0,0,0,3,0
10034,6.0,0.0,0,0,6,0
11212,7.0,0.0,0,0,7,0
11385,4.0,0.0,0,0,4,0
11423,3.0,0.0,0,0,3,0
10018,2.0,0.0,0,0,0,0
10452,4.0,0.0,0,0,0,0
10314,1.0,0.0,0,0,1,0
11412,2.0,0.0,0,0,0,0
10457,0.0,1.0,0,0,0,0
10024,3.0,0.0,0,0,3,0
11385,6.0,0.0,0,0,6,0
11101,2.0,0.0,0,0,2,0
10452,1.0,0.0,0,0,0,0
10304,1.0,0.0,0,0,0,0
10011,3.0,0.0,0,0,0,0
11236,3.0,0.0,1,0,2,0
11374,1.0,0.0,0,0,0,0
11234,1.0,0.0,0,0,0,0
11356,4.0,0.0,0,0,4,0
11223,4.0,0.0,0,0,2,0
10301,13.0,0.0,0,0,13,0
11365,2.0,0.0,0,0,2,0
11420,0.0,1.0,0,0,0,1
11207,1.0,0.0,1,0,0,0
10308,2.0,0.0,0,0,1,0
11434,4.0,0.0,0,0,4,0
11694,0.0,1.0,0,0,0,0
10034,2.0,0.0,0,0,0,0
10155,0.0,0.0,0,0,0,0
11218,2.0,0.0,2,0,0,0
10462,6.0,0.0,0,0,6,0
11236,3.0,0.0,0,0,2,0
11236,0.0,1.0,0,0,0,0
10002,6.0,1.0,0,0,0,0
11212,0.0,0.0,0,0,1,0
10040,2.0,0.0,0,0,1,0
11004,0.0,0.0,0,0,0,0
10040,6.0,0.0,0,0,6,0
11230,2.0,0.0,1,0,1,0
     ,3.0,0.0,0,0,3,0
10012,1.0,0.0,0,0,0,0
11377,4.0,0.0,0,0,4,0
10041,1.0,0.0,0,0,1,0
11435,4.0,0.0,0,0,0,0
10007,4.0,0.0,0,0,4,0
11368,1.0,1.0,0,0,0,0
11694,0.0,0.0,0,0,0,0
11421,0.0,1.0,0,0,0,0
10028,4.0,0.0,0,0,4,0
10470,3.0,0.0,0,0,0,0
10001,2.0,0.0,1,0,0,0
11692,2.0,0.0,0,0,0,0
11379,2.0,0.0,0,0,1,0
10040,2.0,1.0,0,0,2,1
11217,6.0,0.0,0,0,6,0
10011,5.0,0.0,0,0,1,0
10038,1.0,0.0,1,0,0,0
11208,0.0,1.0,0,1,0,0
10069,2.0,0.0,0,0,0,0
10305,3.0,0.0,0,0,2,0
10012,3.0,0.0,1,0,2,0
10003,5.0,0.0,0,0,5,0
10459,10.0,0.0,0,0,10,0
11233,4.0,0.0,0,0,3,0
11366,0.0,0.0,0,0,0,0
11413,3.0,0.0,0,0,3,0
11435,2.0,0.0,1,0,0,0
10170,0.0,0.0,0,0,0,0
10455,1.0,0.0,1,0,0,0
11234,0.0,0.0,0,0,0,0
10462,5.0,0.0,0,0,5,0
11355,1.0,0.0,0,0,0,0
11206,2.0,0.0,0,0,1,0
11418,6.0,0.0,0,0,6,0
11419,4.0,1.0,0,0,0,0
10454,2.0,0.0,0,0,1,0
11221,4.0,0.0,0,0,0,0
10462,8.0,0.0,0,0,8,0
11362,1.0,0.0,1,0,0,0
11212,2.0,0.0,0,0,0,0
10308,4.0,0.0,0,0,4,0
10463,2.0,0.0,0,0,0,0
10461,5.0,0.0,0,0,1,0
11214,2.0,0.0,1,0,0,0
10039,3.0,0.0,1,0,2,0
10803,0.0,0.0,0,0,0,0
10115,0.0,0.0,0,0,0,0
10467,14.0,0.0,0,0,14,0
10038,1.0,0.0,0,0,1,0
11691,1.0,1.0,0,0,1,1
11210,2.0,0.0,0,0,0,0
10472,3.0,0.0,0,0,2,0
11207,1.0,0.0,0,0,1,0
10009,3.0,0.0,0,0,0,0
11419,1.0,0.0,0,0,0,0
11434,0.0,0.0,0,0,0,0
10039,1.0,0.0,1,0,0,0
11385,2.0,0.0,1,0,0,0
11374,3.0,0.0,0,0,1,0
10471,0.0,1.0,0,0,0,1
10301,4.0,0.0,0,0,3,0
10006,2.0,0.0,0,0,2,0
11232,1.0,0.0,0,0,0,0
11229,0.0,1.0,0,1,0,0
10040,3.0,0.0,0,0,1,0
10305,2.0,0.0,0,0,0,0
11236,1.0,1.0,0,0,0,0
11413,6.0,0.0,0,0,6,0
11697,4.0,0.0,0,0,4,0
11423,2.0,0.0,0,0,1,0
11370,1.0,0.0,0,0,0,0
11221,3.0,0.0,0,0,3,0
11203,3.0,0.0,0,0,1,0
10024,6.0,0.0,0,0,4,0
10031,9.0,0.0,0,0,9,0
11420,3.0,0.0,0,0,3,0
11364,1.0,0.0,1,0,0,0
11236,0.0,1.0,0,1,0,0
11379,3.0,0.0,0,0,3,0
10075,0.0,1.0,0,0,0,0
11005,0.0,0.0,0,0,0,0
11249,1.0,0.0,0,0,1,0
11225,3.0,0.0,1,0,2,0
11103,0.0,0.0,0,0,0,0
10470,2.0,0.0,0,0,0,0
10030,0.0,1.0,0,0,0,1
11357,0.0,1.0,0,0,0,1
10456,2.0,1.0,0,0,1,0
11368,7.0,0.0,0,0,7,0
10458,4.0,0.0,0,0,3,0
10036,7.0,0.0,0,0,7,0
11223,3.0,0.0,0,0,1,0
11234,2.0,0.0,0,0,1,0
10467,3.0,0.0,0,0,1,0
10460,4.0,0.0,0,0,4,0
10452,3.0,0.0,0,0,1,0
11414,6.0,0.0,0,0,6,0
11211,7.0,0.0,0,0,7,0
11216,9.0,0.0,0,0,9,0
10460,9.0,0.0,0,0,9,0
10172,1.0,0.0,1,0,0,0
11216,1.0,0.0,1,0,0,0
11249,4.0,0.0,0,0,1,0
11213,0.0,1.0,0,1,0,0
11232,7.0,0.0,0,0,7,0
11106,3.0,0.0,0,0,0,0
11001,1.0,0.0,0,0,0,0
11223,3.0,3.0,0,0,3,3
11233,1.0,0.0,0,0,0,0
11225,22.0,0.0,1,0,21,0
10075,1.0,0.0,0,0,1,0
11210,9.0,0.0,0,0,7,0
11385,0.0,1.0,0,0,0,0
11103,2.0,0.0,0,0,2,0
11420,2.0,0.0,0,0,0,0
11413,2.0,2.0,0,0,2,2
11238,3.0,0.0,0,0,2,0
11370,2.0,0.0,1,0,1,0
10033,2.0,0.0,2,0,0,0
10307,3.0,0.0,0,0,3,0
11228,4.0,0.0,0,0,3,0
11106,5.0,0.0,0,0,5,0
10310,2.0,0.0,0,0,1,0
11368,3.0,0.0,0,0,0,0
11434,0.0,1.0,0,0,0,1
11368,1.0,0.0,0,0,0,0
10304,4.0,0.0,0,0,4,0
11220,5.0,0.0,0,0,5,0
10453,3.0,0.0,1,0,2,0
11233,1.0,1.0,0,0,1,1
11106,6.0,1.0,0,0,5,1
11354,2.0,0.0,0,0,2,0
10310,12.0,0.0,0,0,12,0
10451,0.0,1.0,0,0,0,0
11233,0.0,1.0,0,1,0,0
10021,6.0,0.0,0,0,6,0
10162,0.0,0.0,0,0,0,0
10055,1.0,0.0,0,0,0,0
10027,1.0,0.0,1,0,0,0
11368,0.0,1.0,0,1,0,0
11420,1.0,0.0,1,0,0,0
11235,8.0,1.0,0,0,8,1
11232,0.0,1.0,0,1,0,0
10022,3.0,0.0,0,0,0,0
10469,0.0,1.0,0,0,0,0
10001,1.0,0.0,1,0,0,0
10017,4.0,0.0,0,0,3,0
11236,1.0,1.0,0,0,1,0
10019,7.0,0.0,0,0,2,0
10310,2.0,0.0,1,0,1,0
10012,1.0,0.0,0,0,1,0
11359,0.0,0.0,0,0,0,0
10034,5.0,2.0,0,0,5,0
11418,0.0,1.0,0,0,0,0
11691,2.0,1.0,0,0,2,1
11356,1.0,0.0,0,0,0,0
10309,4.0,0.0,0,0,4,0
11212,0.0,0.0,0,0,3,0
10462,1.0,0.0,0,0,1,0
11420,6.0,0.0,0,0,6,0
11206,3.0,0.0,2,0,1,0
11205,2.0,0.0,0,0,2,0
11212,1.0,0.0,1,0,0,0
10024,2.0,0.0,2,0,0,0
11434,1.0,1.0,0,0,1,0
11415,0.0,1.0,0,1,0,0
10004,2.0,0.0,1,0,0,0
11237,2.0,0.0,1,0,0,0
10278,1.0,0.0,1,0,0,0
11411,7.0,0.0,0,0,7,0
11206,4.0,0.0,0,0,4,0
11369,2.0,0.0,0,0,0,0
11365,2.0,0.0,1,0,1,0
11040,2.0,0.0,0,0,2,0
10472,7.0,0.0,0,0,7,0
11697,2.0,0.0,0,0,2,0
11205,2.0,0.0,1,0,1,0
10474,2.0,0.0,0,0,0,0
10305,1.0,0.0,0,0,2,0
10029,4.0,0.0,0,0,4,0
11416,2.0,0.0,2,0,0,0
10020,1.0,0.0,1,0,0,0
11436,3.0,0.0,0,0,0,0
11103,1.0,0.0,0,0,1,0
10462,5.0,0.0,0,0,4,0
11413,3.0,0.0,0,0,0,0
10457,2.0,0.0,0,0,0,0
11429,2.0,0.0,0,0,2,0
11218,1.0,1.0,0,0,0,0
11236,3.0,1.0,0,0,3,0
11234,3.0,0.0,0,0,2,0
10309,1.0,0.0,0,0,0,0
11375,2.0,0.0,0,0,2,0
10003,3.0,0.0,0,0,3,0
10000,2.0,0.0,0,0,2,0
11209,3.0,0.0,0,0,2,0
11378,6.0,0.0,0,0,6,0
10032,0.0,0.0,0,0,3,0
11102,1.0,0.0,0,0,1,0
10454,2.0,0.0,1,0,1,0
10467,1.0,0.0,0,0,0,0
10474,1.0,1.0,0,0,1,1
10026,3.0,0.0,0,0,0,0
10010,3.0,0.0,0,0,3,0
10456,2.0,0.0,2,0,0,0
11102,5.0,0.0,0,0,5,0
11103,2.0,0.0,1,0,0,0
10030,12.0,0.0,0,0,12,0
10460,0.0,1.0,0,0,0,0
11217,3.0,0.0,0,0,1,0
11414,2.0,1.0,0,0,2,1
11417,0.0,1.0,0,0,0,0
11421,3.0,0.0,0,0,3,0
11220,3.0,0.0,0,0,0,0
11106,3.0,0.0,0,0,1,0
10013,0.0,1.0,0,0,0,0
10013,4.0,0.0,0,0,3,0
11228,1.0,0.0,0,0,1,0
10018,3.0,0.0,0,0,2,0
11201,2.0,0.0,0,0,0,0
11234,8.0,0.0,0,0,8,0
10122,1.0,0.0,0,0,0,0
10469,6.0,1.0,0,0,6,1
11106,1.0,1.0,0,0,0,0
11373,4.0,0.0,0,0,3,0
11434,2.0,1.0,0,0,2,1
11414,4.0,1.0,0,0,4,1
10306,3.0,0.0,0,0,0,0
11217,0.0,1.0,0,0,0,0
10304,3.0,0.0,0,0,2,0
11106,3.0,0.0,0,0,2,0
11238,2.0,0.0,2,0,0,0
10022,2.0,0.0,0,0,1,0
10007,0.0,0.0,1,0,0,0
10451,12.0,0.0,0,0,12,0
11372,3.0,0.0,0,0,3,0
11201,7.0,0.0,0,0,7,0
11210,2.0,0.0,0,0,2,0
10461,0.0,1.0,0,0,0,1
10305,2.0,0.0,0,0,2,0
11213,9.0,0.0,0,0,9,0
11414,1.0,0.0,1,0,0,0
10466,3.0,0.0,0,0,0,0
10459,2.0,0.0,0,0,0,0
11101,0.0,1.0,0,0,0,1
11231,10.0,0.0,0,0,10,0
10034,3.0,0.0,0,0,2,0
10458,2.0,0.0,0,0,0,0
10019,4.0,0.0,0,0,4,0
10018,0.0,0.0,0,0,2,0
11226,3.0,0.0,0,0,1,0
10306,0.0,1.0,0,0,0,0
11418,1.0,0.0,0,0,0,0
10022,1.0,0.0,0,0,0,0
10471,3.0,0.0,0,0,3,0
11435,2.0,0.0,0,0,2,0
10032,5.0,0.0,0,0,3,0
11207,3.0,0.0,0,0,0,0
10017,0.0,1.0,0,1,0,0
10034,5.0,0.0,0,0,5,0
10002,2.0,0.0,1,0,1,0
11356,0.0,0.0,0,0,0,0
11102,3.0,0.0,0,0,2,0
10005,1.0,0.0,0,0,0,0
10036,0.0,1.0,0,1,0,0
10451,6.0,0.0,0,0,2,0
11217,0.0,0.0,0,0,3,0
11220,0.0,1.0,0,1,0,0
10304,2.0,0.0,0,0,2,0
10472,2.0,0.0,0,0,2,0
11231,0.0,1.0,0,0,0,0
11238,1.0,1.0,0,0,1,1
11354,3.0,0.0,0,0,2,0
10281,0.0,0.0,0,0,0,0
11103,2.0,0.0,0,0,1,0
11691,1.0,2.0,0,0,1,2
11101,1.0,0.0,0,0,1,0
11378,4.0,0.0,0,0,0,0
11210,4.0,0.0,0,0,4,0
11355,2.0,0.0,0,0,2,0
11414,0.0,0.0,0,0,0,0
10001,2.0,0.0,1,0,1,0
10467,1.0,0.0,0,0,0,0
10468,7.0,0.0,0,0,7,0
10018,5.0,0.0,0,0,5,0
10013,3.0,0.0,0,0,0,0
11215,0.0,1.0,0,1,0,0
11436,1.0,0.0,1,0,0,0
11436,0.0,1.0,0,1,0,0
11370,11.0,0.0,0,0,11,0
11435,2.0,0.0,0,0,0,0
10002,3.0,0.0,0,0,1,0
10459,1.0,0.0,0,0,0,0
10007,3.0,0.0,1,0,0,0
11428,1.0,0.0,0,0,0,0
11109,0.0,0.0,0,0,0,0
11355,6.0,0.0,0,0,6,0
11379,2.0,1.0,0,0,2,0
11697,1.0,0.0,0,0,0,0
10468,2.0,0.0,0,0,1,0
11217,2.0,1.0,0,0,0,0
10474,1.0,0.0,1,0,0,0
10310,2.0,0.0,0,0,0,0
11411,1.0,1.0,0,0,1,1
10007,2.0,0.0,0,0,1,0
11218,0.0,1.0,0,1,0,0
11214,1.0,0.0,0,0,0,0
11210,0.0,0.0,0,0,0,0
11372,1.0,0.0,1,0,0,0
11419,2.0,0.0,0,0,2,0
11426,4.0,0.0,0,0,4,0
10303,0.0,1.0,0,0,0,1
10036,0.0,1.0,0,0,0,0
10036,6.0,0.0,0,0,6,0
10034,4.0,0.0,0,0,4,0
11368,3.0,0.0,1,0,2,0
10474,4.0,0.0,0,0,4,0
11237,2.0,0.0,0,0,1,0
10471,2.0,0.0,0,0,2,0
10007,0.0,0.0,0,0,3,0
11692,8.0,0.0,0,0,8,0
11375,4.0,0.0,0,0,0,0
10026,7.0,0.0,0,0,7,0
11416,2.0,1.0,0,0,2,1
10017,2.0,0.0,1,0,0,0
10174,1.0,0.0,1,0,0,0
11209,0.0,0.0,0,0,0,0
11234,6.0,0.0,0,0,6,0
10308,5.0,0.0,0,0,5,0
11373,2.0,0.0,1,0,0,0
10271,0.0,0.0,0,0,0,0
11105,3.0,0.0,0,0,0,0
10468,1.0,0.0,0,0,1,0
11358,10.0,0.0,0,0,10,0
11235,0.0,1.0,0,0,0,0
11385,0.0,0.0,0,0,2,0
11213,1.0,0.0,0,0,0,0
10454,9.0,0.0,0,0,9,0
11414,0.0,1.0,0,0,0,0
11416,0.0,1.0,0,1,0,0
11415,2.0,0.0,0,0,0,0
11201,5.0,0.0,0,0,5,0
10457,0.0,1.0,0,0,0,1
10458,9.0,0.0,0,0,9,0
10459,3.0,0.0,0,0,0,0
11218,2.0,0.0,0,0,2,0
10314,3.0,0.0,0,0,2,0
11230,0.0,1.0,0,1,0,0
11691,0.0,0.0,0,0,0,0
11205,5.0,0.0,0,0,5,0
10035,6.0,0.0,0,0,5,0
11433,5.0,0.0,0,0,5,0
11222,0.0,0.0,0,0,0,0
10004,4.0,0.0,0,0,4,0
10044,1.0,0.0,0,0,1,0
11372,6.0,0.0,0,0,0,0
10461,0.0,0.0,0,0,0,0
10468,0.0,0.0,0,0,1,0
11105,4.0,0.0,0,0,4,0
11229,4.0,0.0,0,0,4,0
11691,4.0,0.0,0,0,3,0
11357,0.0,0.0,0,0,0,0
11226,7.0,0.0,0,0,7,0
11218,0.0,1.0,0,0,0,1
11211,3.0,0.0,1,0,1,0
10456,0.0,0.0,0,0,1,0
11229,1.0,1.0,0,0,0,0
10465,2.0,0.0,0,0,2,0
11225,10.0,0.0,0,0,10,0
10075,4.0,0.0,0,0,4,0
11422,0.0,1.0,0,0,0,0
10123,0.0,0.0,0,0,0,0
11372,0.0,1.0,0,0,0,1
10011,4.0,0.0,0,0,2,0
11413,3.0,0.0,0,0,2,0
11207,2.0,0.0,1,0,1,0
11218,0.0,1.0,0,0,0,0
11385,2.0,0.0,0,0,2,0
11374,2.0,0.0,0,0,0,0
10032,2.0,0.0,0,0,2,0
10310,8.0,0.0,0,0,8,0
11239,2.0,0.0,0,0,2,0
11366,3.0,0.0,0,0,2,0
11416,0.0,0.0,0,0,1,0
11203,11.0,0.0,0,0,2,0
11428,0.0,1.0,0,0,0,0
11218,2.0,1.0,0,0,1,0
11207,4.0,0.0,0,0,3,0
11104,2.0,0.0,0,0,0,0
11372,1.0,1.0,0,0,1,1
10463,2.0,0.0,2,0,0,0
11354,6.0,0.0,0,0,6,0
11367,0.0,1.0,0,0,0,1
11213,1.0,0.0,0,0,1,0
10021,1.0,1.0,0,0,1,1
11216,4.0,0.0,0,0,4,0
10010,1.0,1.0,0,0,1,0
10016,3.0,0.0,0,0,0,0
10002,2.0,0.0,0,0,1,0
11413,1.0,0.0,0,0,0,0
11103,0.0,1.0,0,0,0,0
11221,12.0,0.0,0,0,12,0
11220,0.0,1.0,0,0,0,1
10473,0.0,1.0,0,0,0,0
10105,0.0,0.0,0,0,0,0
10029,3.0,0.0,0,0,1,0
11354,7.0,0.0,0,0,7,0
10469,1.0,1.0,0,0,1,1
11213,3.0,0.0,1,0,2,0
10040,2.0,0.0,1,0,1,0
10469,2.0,0.0,0,0,1,0
10462,2.0,0.0,1,0,1,0
11436,5.0,0.0,0,0,4,0
10467,2.0,0.0,0,0,0,0
10301,4.0,0.0,0,0,2,0
11203,3.0,0.0,0,0,3,0
11004,0.0,1.0,0,0,0,0
11204,5.0,0.0,0,0,5,0
11411,6.0,0.0,0,0,6,0
10019,1.0,0.0,0,0,1,0
10472,3.0,0.0,0,0,3,0
10453,7.0,0.0,0,0,7,0
11220,1.0,0.0,0,0,0,0
11201,1.0,0.0,0,0,0,0
11206,0.0,1.0,0,0,0,1
10000,1.0,0.0,0,0,1,0
11367,2.0,0.0,0,0,2,0
10025,6.0,0.0,0,0,6,0
10306,2.0,0.0,0,0,2,0
11203,6.0,0.0,0,0,4,0
11419,4.0,1.0,0,0,2,0
11365,1.0,0.0,0,0,0,0
11234,5.0,0.0,0,0,4,0
10032,8.0,0.0,0,0,8,0
11416,0.0,0.0,0,0,0,0
11435,3.0,0.0,0,0,3,0
11433,0.0,0.0,0,0,0,0
10019,4.0,0.0,0,0,0,0
10456,4.0,0.0,0,0,3,0
11109,1.0,0.0,0,0,0,0
11365,1.0,0.0,1,0,0,0
10017,8.0,0.0,0,0,3,0
10312,1.0,1.0,0,0,1,1
10282,0.0,0.0,0,0,0,0
10021,2.0,0.0,2,0,0,0
11103,2.0,0.0,2,0,0,0
11228,0.0,1.0,0,0,0,0
10461,6.0,0.0,0,0,6,0
10456,2.0,0.0,0,0,0,0
10305,2.0,1.0,0,0,1,0
11417,4.0,0.0,0,0,4,0
10009,4.0,0.0,0,0,4,0
11101,2.0,0.0,0,0,0,0
10014,2.0,0.0,1,0,0,0
11203,1.0,0.0,1,0,0,0
11212,2.0,0.0,2,0,0,0
10301,1.0,0.0,0,0,0,0
11207,9.0,0.0,0,0,9,0
10312,4.0,0.0,0,0,3,0
10454,0.0,1.0,0,0,0,0
11364,1.0,0.0,0,0,1,0
11218,2.0,0.0,1,0,1,0
10128,2.0,0.0,2,0,0,0
10023,2.0,0.0,0,0,2,0
10030,1.0,0.0,0,0,0,0
11239,1.0,0.0,0,0,0,0
11251,2.0,0.0,0,0,2,0
11209,2.0,0.0,0,0,0,0
11226,0.0,1.0,0,0,0,1
11430,1.0,1.0,0,0,0,0
11365,2.0,0.0,2,0,0,0
11429,3.0,0.0,0,0,3,0
10459,3.0,0.0,0,0,1,0
11421,2.0,0.0,2,0,0,0
10310,0.0,0.0,0,0,0,0
11411,2.0,0.0,0,0,0,0
11361,34.0,0.0,0,0,34,0
11411,1.0,1.0,0,0,0,1
11236,2.0,0.0,2,0,0,0
10048,0.0,0.0,0,0,0,0
10306,3.0,0.0,0,0,3,0
10304,7.0,0.0,0,0,7,0
11222,2.0,0.0,0,0,1,0
11368,6.0,0.0,0,0,6,0
10469,0.0,0.0,0,0,0,0
11203,2.0,0.0,0,0,1,0
10002,3.0,0.0,0,0,2,0
11205,2.0,0.0,0,0,1,0
11230,0.0,1.0,0,0,0,1
11422,1.0,0.0,0,0,0,0
11101,3.0,0.0,0,0,2,0
10464,2.0,0.0,0,0,1,0
10031,2.0,0.0,1,0,0,0
11102,0.0,1.0,0,1,0,0
10302,2.0,0.0,0,0,0,0
10455,5.0,0.0,0,0,5,0
11419,2.0,0.0,0,0,1,0
11219,2.0,0.0,1,0,1,0
10010,0.0,1.0,0,1,0,0
10003,5.0,0.0,0,0,2,0
10460,0.0,0.0,0,0,1,0
10452,3.0,0.0,0,0,3,0
11422,10.0,0.0,0,0,10,0
10463,0.0,1.0,0,1,0,0
11215,4.0,0.0,0,0,2,0
10017,3.0,1.0,0,0,1,0
11235,1.0,1.0,0,0,1,0
11207,11.0,0.0,0,0,11,0
11385,0.0,0.0,0,0,1,0
11355,4.0,0.0,0,0,4,0
10028,4.0,0.0,0,0,3,0
11040,5.0,0.0,0,0,2,0
11367,2.0,1.0,0,0,2,1
11435,3.0,0.0,0,0,0,0
10475,3.0,0.0,0,0,3,0
11208,5.0,0.0,0,0,5,0
11361,0.0,1.0,0,0,0,0
11223,2.0,0.0,0,0,1,0
11379,4.0,0.0,0,0,4,0
11377,2.0,0.0,0,0,0,0
10302,1.0,0.0,0,0,1,0
11219,2.0,0.0,0,0,1,0
11375,1.0,0.0,0,0,0,0
11201,10.0,0.0,0,0,10,0
10453,2.0,0.0,0,0,2,0
11211,2.0,0.0,0,0,0,0
10120,0.0,0.0,0,0,0,0
10003,6.0,0.0,0,0,6,0
10032,0.0,1.0,0,0,0,0
10033,2.0,0.0,0,0,0,0
11415,4.0,0.0,0,0,2,0
11434,5.0,0.0,0,0,5,0
10452,1.0,0.0,0,0,1,0
11106,1.0,1.0,0,0,1,1
11695,1.0,0.0,0,0,0,0
10011,3.0,0.0,0,0,3,0
11226,0.0,0.0,0,0,0,0
11226,0.0,0.0,0,0,0,0
10021,0.0,0.0,0,0,0,0
10034,0.0,1.0,0,0,0,1
11239,2.0,0.0,1,0,0,0
10453,1.0,0.0,0,0,1,0
10065,7.0,0.0,0,0,7,0
11213,2.0,1.0,0,0,1,0
11211,4.0,0.0,0,0,3,0
10004,1.0,0.0,0,0,0,0
10040,2.0,0.0,0,0,2,0
11229,2.0,0.0,0,0,2,0
11433,2.0,0.0,0,0,0,0
10000,0.0,1.0,0,0,0,1
10038,2.0,0.0,0,0,0,0
10040,3.0,0.0,0,0,2,0
11219,5.0,0.0,0,0,3,0
10458,6.0,0.0,0,0,6,0
10019,0.0,0.0,0,0,0,0
11209,2.0,0.0,1,0,1,0
10314,2.0,0.0,0,0,0,0
11004,1.0,0.0,0,0,0,0
11218,5.0,0.0,0,0,5,0
11229,2.0,0.0,0,0,1,0
10456,3.0,0.0,0,0,2,0
11206,2.0,0.0,1,0,1,0
10468,5.0,0.0,0,0,5,0
11373,0.0,0.0,0,0,0,0
11217,2.0,0.0,0,0,1,0
11373,5.0,0.0,0,0,5,0
10454,1.0,0.0,0,0,1,0
11361,0.0,0.0,0,0,0,0
10039,2.0,0.0,0,0,1,0
10017,0.0,1.0,0,0,0,1
10010,2.0,0.0,0,0,1,0
10034,3.0,0.0,0,0,1,0
10065,1.0,1.0,0,0,0,0
11234,5.0,0.0,0,0,5,0
11211,3.0,0.0,0,0,3,0
11421,7.0,0.0,0,0,7,0
10451,7.0,0.0,0,0,7,0
10019,1.0,0.0,1,0,0,0
11433,1.0,0.0,0,0,1,0
10030,6.0,0.0,0,0,6,0
10471,3.0,0.0,0,0,2,0
10475,1.0,0.0,0,0,1,0
10112,0.0,0.0,0,0,0,0
11203,13.0,0.0,0,0,13,0
11223,3.0,0.0,1,0,2,0
11105,2.0,0.0,0,0,0,0
11216,11.0,0.0,0,0,11,0
11208,3.0,0.0,1,0,2,0
11221,11.0,0.0,0,0,11,0
10035,2.0,0.0,1,0,0,0
10463,1.0,0.0,0,0,0,0
11365,3.0,0.0,0,0,3,0
10460,5.0,0.0,0,0,3,0
11204,2.0,0.0,1,0,0,0
11413,3.0,0.0,0,0,1,0
11385,3.0,0.0,0,0,2,0
11230,0.0,1.0,0,0,0,0
11224,8.0,0.0,0,0,8,0
11232,0.0,1.0,0,0,0,0
10017,0.0,1.0,0,0,0,0
10304,3.0,0.0,0,0,0,0
11234,9.0,1.0,0,0,9,1
11207,0.0,1.0,0,0,0,1
10017,0.0,0.0,0,0,0,0
10026,2.0,0.0,0,0,1,0
10455,0.0,1.0,0,0,0,1
10033,3.0,1.0,0,0,0,0
10465,2.0,0.0,0,0,1,0
10024,2.0,0.0,0,0,0,0
11368,0.0,0.0,0,0,1,0
11215,4.0,0.0,0,0,4,0
10461,2.0,0.0,2,0,0,0
10022,4.0,0.0,0,0,4,0
10022,0.0,1.0,0,0,0,0
11434,3.0,0.0,0,0,2,0
11208,3.0,0.0,0,0,2,0
10469,2.0,0.0,0,0,0,0
10013,0.0,1.0,0,1,0,0
11213,4.0,0.0,0,0,4,0
10305,3.0,0.0,0,0,3,0
10010,2.0,0.0,0,0,2,0
10034,1.0,0.0,1,0,0,0
11106,2.0,0.0,0,0,2,0
10007,0.0,1.0,0,0,0,0
10041,0.0,0.0,0,0,0,0
10031,4.0,0.0,0,0,3,0
11206,3.0,0.0,0,0,2,0
11428,23.0,0.0,0,0,23,0
10034,3.0,0.0,0,0,0,0
11109,1.0,0.0,1,0,0,0
11370,4.0,0.0,0,0,4,0
11411,0.0,1.0,0,1,0,0
11415,3.0,0.0,0,0,3,0
11385,0.0,1.0,0,0,0,1
10024,8.0,0.0,0,0,8,0
10304,3.0,0.0,0,0,3,0
10174,2.0,0.0,0,0,0,0
10005,2.0,0.0,0,0,0,0
11372,6.0,0.0,0,0,6,0
11213,4.0,0.0,0,0,2,0
11211,1.0,0.0,1,0,0,0
11436,10.0,0.0,0,0,10,0
10475,6.0,0.0,0,0,6,0
11377,1.0,1.0,0,0,1,1
11354,15.0,4.0,0,0,12,2
10168,0.0,0.0,0,0,0,0
10025,1.0,0.0,0,0,1,0
11364,1.0,0.0,0,0,0,0
11212,3.0,0.0,0,0,3,0
10024,2.0,0.0,0,0,1,0
11231,6.0,0.0,0,0,6,0
10075,3.0,0.0,0,0,1,0
10026,1.0,0.0,0,0,1,0
10038,2.0,0.0,0,0,2,0
10038,1.0,0.0,0,0,0,0
11218,3.0,0.0,0,0,2,0
10455,4.0,0.0,0,0,4,0
11417,0.0,0.0,0,0,0,0
10065,5.0,0.0,0,0,4,0
11379,11.0,0.0,0,0,11,0
11374,2.0,0.0,0,0,1,0
11211,1.0,1.0,0,0,1,0
11422,0.0,1.0,0,1,0,0
10112,1.0,0.0,1,0,0,0
11423,5.0,0.0,0,0,0,0
10019,3.0,0.0,0,0,2,0
11205,2.0,0.0,1,0,0,0
11422,8.0,0.0,0,0,8,0
11106,1.0,1.0,0,0,1,0
10028,2.0,0.0,1,0,1,0
11223,2.0,0.0,1,0,1,0
11226,8.0,0.0,0,0,8,0
10305,4.0,0.0,0,0,0,0
10454,5.0,0.0,0,0,5,0
11233,9.0,0.0,0,0,9,0
10029,5.0,0.0,0,0,5,0
11423,1.0,0.0,1,0,0,0
11234,7.0,0.0,0,0,7,0
10038,0.0,0.0,0,0,0,0
11230,0.0,0.0,0,0,0,0
10472,2.0,1.0,0,0,0,0
10022,0.0,0.0,0,0,0,0
10452,1.0,1.0,0,0,1,1
11221,1.0,0.0,0,0,0,0
10018,3.0,0.0,2,0,0,0
10155,1.0,0.0,0,0,1,0
11426,0.0,1.0,0,0,0,0
10456,5.0,0.0,0,0,0,0
11212,3.0,0.0,0,0,0,0
10013,0.0,0.0,0,0,0,0
11373,1.0,0.0,1,0,0,0
11422,4.0,0.0,0,0,4,0
10075,2.0,0.0,1,0,1,0
10002,3.0,0.0,0,0,0,0
11204,4.0,0.0,0,0,3,0
10474,9.0,0.0,0,0,9,0
10303,2.0,0.0,0,0,0,0
10454,10.0,0.0,0,0,10,0
11364,0.0,1.0,0,0,0,0
11435,4.0,0.0,0,0,4,0
10036,1.0,0.0,0,0,1,0
10468,0.0,0.0,0,0,0,0
11106,0.0,0.0,0,0,0,0
10035,11.0,0.0,0,0,11,0
11224,1.0,1.0,0,0,0,0
10065,1.0,0.0,0,0,2,0
10454,3.0,0.0,1,0,0,0
11225,1.0,0.0,0,0,0,0
11238,1.0,0.0,0,0,0,0
10473,2.0,0.0,2,0,0,0
11103,4.0,0.0,0,0,3,0
10309,3.0,1.0,0,0,3,1
11223,5.0,0.0,0,0,5,0
11354,1.0,0.0,1,0,0,0
11101,3.0,0.0,0,0,1,0
11212,2.0,1.0,0,0,2,1
11218,3.0,0.0,0,0,3,0
10029,2.0,0.0,2,0,0,0
11101,2.0,0.0,2,0,0,0
11360,0.0,0.0,0,0,0,0
11238,1.0,0.0,0,0,1,0
11102,2.0,0.0,0,0,0,0
10457,0.0,1.0,0,1,0,0
10455,1.0,0.0,0,0,0,0
11205,4.0,0.0,0,0,4,0
11420,2.0,0.0,1,0,1,0
10457,12.0,0.0,0,0,12,0
10452,5.0,1.0,0,0,5,1
10461,2.0,0.0,1,0,1,0
10278,4.0,0.0,0,0,4,0
10000,1.0,0.0,0,0,0,0
10027,3.0,0.0,0,0,1,0
10075,3.0,0.0,0,0,2,0
11104,9.0,0.0,0,0,8,0
10029,1.0,1.0,0,0,1,0
11236,0.0,0.0,0,0,1,0
10003,4.0,0.0,1,0,3,0
11211,0.0,1.0,0,0,0,1
11207,3.0,0.0,0,0,3,0
11224,4.0,0.0,0,0,4,0
10281,1.0,0.0,0,0,1,0
11216,2.0,1.0,0,0,2,1
10462,2.0,0.0,0,0,1,0
10012,2.0,0.0,0,0,0,0
11232,2.0,0.0,0,0,0,0
11236,8.0,0.0,0,0,8,0
11363,5.0,0.0,0,0,5,0
10025,1.0,1.0,0,0,1,0
10308,6.0,0.0,0,0,6,0
10002,5.0,0.0,0,0,5,0
11221,0.0,1.0,0,1,0,0
10037,0.0,1.0,0,0,0,0
10003,2.0,0.0,0,0,0,0
11360,5.0,0.0,0,0,5,0
11234,6.0,0.0,0,0,4,0
10033,7.0,0.0,0,0,7,0
10020,0.0,0.0,0,0,0,0
10029,0.0,1.0,0,0,0,0
11109,2.0,0.0,1,0,1,0
10022,0.0,0.0,0,0,2,0
11239,3.0,0.0,0,0,3,0
11238,1.0,0.0,0,0,2,0
10004,5.0,0.0,0,0,5,0
11209,2.0,0.0,2,0,0,0
10466,2.0,0.0,0,0,2,0
10469,4.0,0.0,0,0,3,0
11385,3.0,0.0,0,0,0,0
11368,1.0,0.0,1,0,0,0
11209,5.0,0.0,0,0,5,0
11377,6.0,0.0,0,0,6,0
10003,3.0,0.0,1,0,2,0
11213,2.0,1.0,0,0,2,1
11361,6.0,0.0,0,0,6,0
11207,7.0,0.0,0,0,7,0
10036,13.0,0.0,0,0,13,0
11210,1.0,0.0,1,0,0,0
11229,3.0,0.0,0,0,0,0
11358,0.0,0.0,0,0,0,0
11358,0.0,0.0,0,0,0,0
11216,3.0,0.0,0,0,0,0
11238,2.0,0.0,1,0,0,0
10461,4.0,0.0,0,0,4,0
11370,3.0,0.0,0,0,0,0
11102,2.0,0.0,0,0,2,0
11413,7.0,0.0,0,0,7,0
10304,1.0,0.0,1,0,0,0
10020,2.0,0.0,0,0,2,0
10035,3.0,0.0,0,0,1,0
11436,6.0,0.0,0,0,6,0
11375,6.0,0.0,0,0,6,0
11106,2.0,1.0,0,0,2,1
10019,3.0,0.0,0,0,3,0
11235,3.0,0.0,1,0,2,0
10034,3.0,0.0,0,0,3,0
11412,0.0,1.0,0,0,0,0
11217,0.0,1.0,0,1,0,0
11432,1.0,0.0,0,0,0,0
11204,3.0,0.0,0,0,3,0
10178,1.0,0.0,1,0,0,0
10023,5.0,0.0,0,0,5,0
10451,2.0,0.0,1,0,1,0
10455,2.0,0.0,1,0,1,0
10461,17.0,0.0,0,0,17,0
11428,1.0,0.0,1,0,0,0
11214,8.0,0.0,0,0,8,0
10039,1.0,0.0,0,0,0,0
11375,3.0,0.0,0,0,0,0
11237,0.0,1.0,0,0,0,0
11214,4.0,0.0,0,0,3,0
10451,1.0,0.0,0,0,1,0
10472,2.0,0.0,1,0,1,0
11236,2.0,0.0,0,0,0,0
10032,2.0,0.0,1,0,1,0
10013,3.0,1.0,0,0,3,1
10017,0.0,0.0,0,0,2,0
10451,3.0,0.0,0,0,3,0
11214,11.0,0.0,0,0,11,0
11414,8.0,0.0,0,0,8,0
11215,0.0,1.0,0,0,0,0
11693,1.0,0.0,0,0,1,0
11219,8.0,0.0,0,0,8,0
10460,11.0,0.0,0,0,11,0
11370,2.0,0.0,0,0,2,0
11210,8.0,0.0,0,0,4,0
10165,1.0,0.0,1,0,0,0
11362,2.0,0.0,0,0,1,0
11370,6.0,0.0,0,0,6,0
10472,2.0,0.0,0,0,1,0
11104,0.0,1.0,0,1,0,0
10017,7.0,0.0,1,0,5,0
11232,0.0,0.0,0,0,0,0
11434,18.0,0.0,0,0,18,0
10472,9.0,0.0,0,0,9,0
11691,2.0,0.0,0,0,0,0
10467,1.0,0.0,1,0,0,0
11232,1.0,1.0,0,0,1,0
11207,0.0,0.0,0,0,0,0
11207,0.0,0.0,0,0,0,0
11235,1.0,0.0,0,0,0,0
10036,0.0,0.0,0,0,0,0
10033,9.0,0.0,0,0,9,0
11209,3.0,0.0,0,0,3,0
10028,1.0,0.0,0,0,0,0
10455,2.0,0.0,0,0,2,0
11414,0.0,0.0,0,0,1,0
10016,4.0,0.0,0,0,1,0
11228,2.0,0.0,0,0,2,0
10009,2.0,0.0,2,0,0,0
11429,9.0,0.0,0,0,9,0
11232,2.0,0.0,1,0,1,0
10019,3.0,0.0,3,0,0,0
10467,3.0,0.0,0,0,2,0
11366,7.0,0.0,0,0,7,0
11416,4.0,0.0,0,0,4,0
11221,3.0,0.0,0,0,0,0
11236,1.0,0.0,0,0,1,0
11219,6.0,0.0,0,0,6,0
10459,2.0,0.0,2,0,0,0
11434,2.0,0.0,0,0,4,0
11354,2.0,0.0,0,0,0,0
10023,0.0,1.0,0,0,0,0
10304,2.0,1.0,0,0,2,1
11203,0.0,0.0,0,0,0,0
11421,1.0,0.0,0,0,1,0
11203,15.0,0.0,0,0,15,0
10470,2.0,0.0,2,0,0,0
11208,8.0,0.0,0,0,8,0
10002,2.0,0.0,0,0,2,0
11212,0.0,1.0,0,0,0,0
10471,2.0,0.0,2,0,0,0
10168,1.0,0.0,0,0,1,0
10006,4.0,0.0,0,0,4,0
11214,2.0,0.0,0,0,1,0
11373,1.0,2.0,0,0,1,0
10032,1.0,0.0,0,0,0,0
10012,8.0,0.0,0,0,5,0
11103,6.0,0.0,0,0,6,0
10469,3.0,0.0,0,0,3,0
11241,0.0,0.0,0,0,0,0
10001,0.0,0.0,0,0,0,0
10172,0.0,0.0,0,0,0,0
11209,4.0,0.0,0,0,3,0
11207,2.0,0.0,0,0,0,0
10304,10.0,0.0,0,0,10,0
11361,1.0,0.0,0,0,1,0
11412,5.0,0.0,0,0,5,0
11236,2.0,1.0,0,0,0,0
10025,2.0,0.0,1,0,0,0
11215,0.0,1.0,0,0,0,1
10314,2.0,0.0,0,0,2,0
10031,6.0,0.0,0,0,6,0
11375,2.0,0.0,0,0,0,0
11106,2.0,0.0,1,0,0,0
10451,9.0,0.0,0,0,9,0
11691,0.0,1.0,0,0,0,1
10468,3.0,0.0,0,0,2,0
10456,6.0,0.0,0,0,6,0
10169,3.0,0.0,0,0,3,0
11695,0.0,0.0,0,0,0,0
10464,1.0,0.0,1,0,0,0
10003,2.0,0.0,1,0,0,0
11214,1.0,1.0,0,0,1,0
11427,0.0,0.0,0,0,0,0
11231,2.0,0.0,1,0,0,0
11226,3.0,0.0,1,0,2,0
10037,0.0,0.0,0,0,0,0
11217,2.0,0.0,0,0,0,0
11413,2.0,0.0,0,0,2,0
11372,3.0,0.0,0,0,1,0
11218,0.0,0.0,1,0,0,0
10011,2.0,0.0,0,0,1,0
11420,0.0,2.0,0,0,0,2
11694,3.0,0.0,0,0,3,0
11429,5.0,0.0,0,0,5,0
11223,2.0,0.0,0,0,0,0
11203,12.0,0.0,0,0,12,0
10281,1.0,0.0,0,0,0,0
10466,7.0,0.0,0,0,7,0
10453,1.0,0.0,0,0,0,0
11212,5.0,0.0,0,0,5,0
11694,1.0,0.0,1,0,0,0
10457,1.0,0.0,0,0,2,0
10017,1.0,0.0,1,0,0,0
10065,0.0,0.0,0,0,0,0
10304,18.0,0.0,0,0,18,0
11223,2.0,0.0,1,0,0,0
11220,2.0,0.0,0,0,4,0
10005,2.0,0.0,1,0,0,0
11214,2.0,0.0,0,0,0,0
10462,3.0,0.0,0,0,0,0
11419,7.0,0.0,0,0,7,0
11361,1.0,0.0,1,0,0,0
10310,3.0,0.0,0,0,3,0
11357,1.0,0.0,0,0,1,0
10035,3.0,0.0,0,0,2,0
10309,1.0,0.0,1,0,0,0
11233,5.0,0.0,0,0,5,0
11427,1.0,0.0,1,0,0,0
10025,2.0,0.0,1,0,1,0
10017,3.0,0.0,0,0,3,0
10022,2.0,1.0,0,0,1,0
11372,4.0,0.0,0,0,1,0
11225,7.0,0.0,0,0,7,0
11215,4.0,0.0,1,0,3,0
11373,10.0,0.0,0,0,8,0
10010,4.0,0.0,0,0,4,0
10464,2.0,0.0,2,0,0,0
11361,5.0,0.0,0,0,5,0
11412,3.0,0.0,0,0,2,0
11232,2.0,0.0,0,0,1,0
10032,2.0,0.0,0,0,0,0
10304,1.0,0.0,0,0,1,0
11375,0.0,1.0,0,0,0,1
10470,0.0,1.0,0,0,0,0
10465,0.0,0.0,0,0,0,0
10465,0.0,0.0,0,0,0,0
11212,4.0,0.0,0,0,1,0
10017,2.0,0.0,0,0,0,0
10022,1.0,0.0,0,0,1,0
11368,2.0,0.0,0,0,0,0
10017,6.0,0.0,0,0,1,0
11040,5.0,0.0,0,0,5,0
11212,1.0,1.0,0,0,1,1
10314,4.0,1.0,0,0,4,1
11226,1.0,1.0,0,0,1,0
11365,0.0,2.0,0,0,0,2
10016,0.0,0.0,0,0,1,0
10019,0.0,0.0,0,0,3,0
10172,2.0,0.0,0,0,2,0
10457,14.0,0.0,0,0,14,0
11385,2.0,0.0,2,0,0,0
10312,0.0,0.0,0,0,1,0
10305,5.0,0.0,0,0,5,0
10032,1.0,0.0,1,0,0,0
10065,2.0,0.0,0,0,1,0
10011,2.0,0.0,0,0,0,0
10023,6.0,0.0,0,0,2,0
10473,3.0,0.0,0,0,3,0
11421,0.0,1.0,0,0,0,1
11417,8.0,0.0,0,0,8,0
11432,2.0,0.0,0,0,2,0
10310,1.0,0.0,0,0,0,0
11235,10.0,0.0,0,0,10,0
11237,4.0,0.0,0,0,1,0
10310,11.0,0.0,0,0,11,0
10017,4.0,0.0,0,0,4,0
11239,2.0,0.0,0,0,1,0
11434,1.0,1.0,0,0,1,1
11430,0.0,0.0,0,0,0,0
11433,1.0,0.0,0,0,0,0
11249,4.0,0.0,0,0,4,0
11372,3.0,0.0,1,0,2,0
11697,0.0,0.0,0,0,0,0
10471,9.0,0.0,0,0,9,0
11206,1.0,0.0,1,0,0,0
11694,1.0,1.0,0,0,1,1
11238,1.0,1.0,0,0,1,0
11230,2.0,0.0,0,0,0,0
11206,0.0,1.0,0,1,0,0
11412,3.0,0.0,0,0,3,0
10031,1.0,0.0,0,0,0,0
10306,0.0,0.0,0,0,0,0
11377,0.0,0.0,0,0,0,0
11414,0.0,1.0,0,1,0,0
11368,0.0,1.0,0,0,0,0
11225,2.0,0.0,0,0,2,0
10006,2.0,0.0,0,0,1,0
10025,0.0,1.0,0,1,0,0
10309,0.0,0.0,0,0,0,0
10118,1.0,0.0,1,0,0,0
11432,0.0,1.0,0,0,0,0
10024,2.0,0.0,1,0,1,0
10467,1.0,1.0,0,0,1,0
11229,2.0,0.0,2,0,0,0
11105,1.0,4.0,0,0,1,4
10456,1.0,0.0,0,0,0,0
10036,3.0,0.0,0,0,0,0
10456,2.0,0.0,1,0,0,0
11215,5.0,0.0,0,0,5,0
10019,0.0,0.0,0,0,1,0
11233,2.0,0.0,0,0,2,0
10309,2.0,0.0,0,0,1,0
10023,4.0,0.0,0,0,0,0
11373,3.0,0.0,3,0,0,0
11373,0.0,1.0,0,1,0,0
11210,4.0,0.0,1,0,3,0
11203,0.0,0.0,0,0,2,0
10451,0.0,1.0,0,1,0,0
10456,3.0,0.0,0,0,0,0
11412,0.0,0.0,0,0,0,0
10470,4.0,0.0,0,0,4,0
10453,3.0,0.0,2,0,1,0
11373,2.0,0.0,0,0,0,0
11435,5.0,0.0,0,0,5,0
11232,5.0,0.0,0,0,5,0
11224,6.0,0.0,0,0,6,0
10002,7.0,0.0,0,0,7,0
10464,3.0,0.0,0,0,3,0
10031,3.0,0.0,0,0,3,0
10013,1.0,0.0,1,0,0,0
10464,1.0,0.0,0,0,0,0
10128,3.0,0.0,0,0,2,0
10009,2.0,1.0,0,0,2,0
11222,6.0,0.0,0,0,6,0
10466,2.0,0.0,0,0,1,0
11377,3.0,0.0,0,0,0,0
11208,0.0,0.0,0,0,0,0
10461,0.0,2.0,0,0,0,2
11367,2.0,0.0,2,0,0,0
11206,5.0,0.0,0,0,1,0
10475,2.0,1.0,0,0,2,0
11222,0.0,1.0,0,1,0,0
10168,2.0,0.0,0,0,2,0
10176,1.0,0.0,1,0,0,0
11210,3.0,0.0,0,0,2,0
10019,4.0,0.0,0,0,3,0
10453,3.0,1.0,0,0,3,1
11209,1.0,0.0,0,0,0,0
10308,3.0,0.0,0,0,2,0
10007,2.0,0.0,0,0,0,0
10003,1.0,0.0,0,0,0,0
10455,3.0,0.0,0,0,3,0
10031,0.0,1.0,0,0,0,1
10451,3.0,0.0,0,0,1,0
11101,0.0,0.0,0,0,1,0
10467,13.0,0.0,0,0,13,0
11356,1.0,0.0,0,0,1,0
10312,2.0,0.0,0,0,1,0
11234,4.0,0.0,0,0,4,0
10302,5.0,0.0,0,0,5,0
11226,3.0,0.0,0,0,2,0
11233,12.0,0.0,0,0,12,0
11231,3.0,0.0,0,0,0,0
11429,1.0,1.0,0,0,1,0
11432,4.0,0.0,0,0,3,0
10022,0.0,0.0,0,0,3,0
11231,2.0,0.0,0,0,1,0
11234,0.0,1.0,0,0,0,1
10307,2.0,0.0,0,0,1,0
10017,1.0,0.0,0,0,1,0
10305,1.0,0.0,0,0,1,0
11412,3.0,0.0,0,0,0,0
11223,4.0,0.0,0,0,3,0
11374,0.0,1.0,0,0,0,0
11228,0.0,1.0,0,0,0,1
10021,3.0,0.0,0,0,2,0
10458,3.0,0.0,0,0,0,0
10013,2.0,0.0,1,0,0,0
11224,3.0,0.0,0,0,3,0
10457,1.0,0.0,0,0,1,0
11419,0.0,1.0,0,0,0,0
10453,5.0,0.0,0,0,0,0
10010,2.0,0.0,1,0,1,0
11216,7.0,0.0,0,0,7,0
10036,27.0,1.0,0,0,0,0
11232,3.0,0.0,0,0,0,0
11369,3.0,0.0,0,0,0,0
10468,1.0,1.0,0,0,1,1
11216,0.0,0.0,0,0,0,0
11214,2.0,0.0,1,0,1,0
10474,1.0,0.0,0,0,0,0
11694,3.0,1.0,0,0,3,1
11427,32.0,0.0,0,0,30,0
11691,4.0,0.0,0,0,4,0
11360,0.0,1.0,0,0,0,0
11204,0.0,1.0,0,0,0,1
10032,0.0,0.0,0,0,0,0
10002,0.0,0.0,0,0,0,0
10002,0.0,0.0,0,0,0,0
10461,3.0,0.0,0,0,3,0
10016,1.0,0.0,0,0,1,0
10027,1.0,0.0,0,0,0,0
10030,4.0,0.0,1,0,3,0
11236,10.0,0.0,0,0,10,0
10029,3.0,0.0,1,0,2,0
10128,4.0,0.0,0,0,4,0
11101,2.0,0.0,0,0,1,0
11370,0.0,1.0,0,0,0,1
10119,1.0,0.0,0,0,1,0
11373,4.0,0.0,0,0,0,0
11411,4.0,0.0,0,0,4,0
11203,3.0,0.0,0,0,0,0
11105,0.0,0.0,0,0,0,0
11104,2.0,0.0,0,0,2,0
11209,1.0,0.0,1,0,0,0
10310,1.0,0.0,0,0,1,0
10463,0.0,1.0,0,0,0,1
10471,0.0,0.0,0,0,0,0
11207,14.0,0.0,0,0,14,0
10469,3.0,0.0,0,0,1,0
10468,2.0,0.0,0,0,2,0
10306,1.0,0.0,0,0,1,0
10473,3.0,0.0,0,0,2,0
10033,1.0,0.0,0,0,0,0
11214,0.0,0.0,0,0,0,0
11224,1.0,0.0,0,0,0,0
11234,4.0,0.0,0,0,2,0
10459,0.0,1.0,0,0,0,0
10463,0.0,0.0,0,0,0,0
11368,4.0,0.0,0,0,3,0
11416,1.0,0.0,0,0,0,0
11211,3.0,0.0,0,0,2,0
10121,0.0,0.0,0,0,0,0
10012,0.0,0.0,0,0,0,0
10474,0.0,1.0,0,0,0,1
10453,2.0,0.0,0,0,1,0
11415,0.0,1.0,0,0,0,1
10466,8.0,0.0,0,0,8,0
10463,18.0,0.0,0,0,18,0
11213,2.0,1.0,0,0,2,0
11236,1.0,1.0,0,0,1,1
10023,3.0,0.0,0,0,3,0
10470,8.0,0.0,0,0,8,0
11372,8.0,0.0,0,0,8,0
10473,1.0,0.0,0,0,0,0
10458,7.0,0.0,0,0,7,0
10035,2.0,0.0,0,0,0,0
10037,0.0,1.0,0,0,0,1
11374,2.0,0.0,0,0,2,0
11205,6.0,0.0,0,0,6,0
11233,2.0,0.0,1,0,1,0
10027,0.0,1.0,0,0,0,0
11432,5.0,0.0,0,0,5,0
11430,6.0,0.0,0,0,6,0
11379,2.0,0.0,0,0,2,0
10033,4.0,0.0,0,0,4,0
10463,1.0,0.0,0,0,1,0
11385,1.0,0.0,1,0,0,0
11101,6.0,0.0,0,0,6,0
10471,6.0,0.0,0,0,6,0
11231,5.0,0.0,0,0,5,0
10039,6.0,0.0,0,0,6,0
11372,2.0,0.0,0,0,2,0
10308,2.0,0.0,0,0,0,0
11223,7.0,1.0,0,0,4,0
10023,2.0,0.0,2,0,0,0
10470,2.0,0.0,0,0,2,0
10310,10.0,0.0,0,0,10,0
11369,0.0,0.0,0,0,1,0
10075,1.0,0.0,1,0,0,0
10310,0.0,1.0,0,1,0,0
11428,3.0,0.0,0,0,0,0
11105,2.0,0.0,2,0,0,0
11238,5.0,0.0,1,0,4,0
11220,2.0,0.0,0,0,2,0
11229,0.0,1.0,0,0,0,0
10023,0.0,0.0,0,0,0,0
10471,0.0,1.0,0,0,0,0
11363,2.0,0.0,0,0,2,0
10024,5.0,0.0,0,0,5,0
10033,4.0,0.0,0,0,3,0
11216,2.0,0.0,1,0,1,0
10475,0.0,1.0,0,0,0,1
11214,5.0,0.0,0,0,5,0
11249,3.0,0.0,0,0,3,0
10461,1.0,1.0,0,0,1,1
10310,4.0,0.0,0,0,4,0
10031,4.0,1.0,0,0,4,1
10105,1.0,0.0,0,0,0,0
10018,0.0,0.0,0,0,0,0
10467,0.0,1.0,0,0,0,0
11217,3.0,0.0,0,0,0,0
11419,3.0,1.0,0,0,3,1
11365,4.0,0.0,0,0,4,0
10456,2.0,0.0,0,0,2,0
10470,5.0,0.0,0,0,1,0
11239,0.0,1.0,0,0,0,0
10472,0.0,0.0,0,0,3,0
11377,0.0,1.0,0,0,0,0
11104,0.0,1.0,0,0,0,1
10472,1.0,1.0,0,0,1,1
11206,0.0,1.0,0,0,0,0
11225,7.0,0.0,0,0,5,0
10003,4.0,0.0,0,0,2,0
10006,1.0,0.0,0,0,1,0
10017,1.0,0.0,0,0,0,0
11367,3.0,0.0,0,0,1,0
11354,5.0,0.0,0,0,5,0
11206,2.0,0.0,0,0,2,0
11204,3.0,1.0,0,0,3,0
11208,2.0,0.0,1,0,0,0
11415,4.0,0.0,0,0,4,0
10469,10.0,0.0,0,0,10,0
10153,1.0,0.0,1,0,0,0
10028,1.0,0.0,1,0,0,0
10031,1.0,0.0,0,0,1,0
10301,22.0,0.0,0,0,22,0
11104,0.0,0.0,0,0,0,0
11219,0.0,1.0,0,0,0,1
10470,1.0,0.0,0,0,0,0
11430,1.0,0.0,0,0,0,0
11212,6.0,0.0,0,0,4,0
10112,1.0,0.0,0,0,0,0
11201,3.0,0.0,0,0,3,0
10456,3.0,0.0,0,0,3,0
11420,2.0,0.0,0,0,2,0
11105,10.0,0.0,0,0,10,0
11373,2.0,0.0,0,0,2,0
11411,2.0,0.0,0,0,1,0
11223,0.0,1.0,0,1,0,0
11694,2.0,0.0,1,0,0,0
11413,0.0,0.0,0,0,0,0
11213,0.0,1.0,0,0,0,1
10026,5.0,0.0,0,0,5,0
11412,2.0,0.0,1,0,1,0
11368,2.0,0.0,2,0,0,0
11374,0.0,0.0,0,0,0,0
10001,1.0,0.0,0,0,1,0
10065,0.0,2.0,0,1,0,0
10025,4.0,0.0,0,0,2,0
10460,1.0,0.0,0,0,1,0
10466,0.0,1.0,0,0,0,0
10031,2.0,0.0,0,0,2,0
11435,3.0,0.0,0,0,2,0
10305,0.0,1.0,0,0,0,0
10451,8.0,0.0,0,0,8,0
11420,0.0,0.0,0,0,0,0
10128,1.0,0.0,0,0,1,0
10018,2.0,0.0,0,0,1,0
10469,6.0,0.0,0,0,6,0
10014,2.0,0.0,0,0,2,0
10037,1.0,0.0,1,0,0,0
11206,4.0,0.0,0,0,3,0
10000,6.0,0.0,0,0,6,0
11427,6.0,0.0,0,0,6,0
10472,0.0,1.0,0,0,0,1
11236,7.0,1.0,0,0,7,1
11691,13.0,0.0,0,0,13,0
10103,1.0,0.0,0,0,0,0
11211,0.0,1.0,0,0,0,0
11436,2.0,0.0,0,0,2,0
11235,0.0,0.0,0,0,0,0
10010,2.0,0.0,0,0,0,0
10010,2.0,0.0,1,0,0,0
11370,2.0,0.0,2,0,0,0
10027,1.0,0.0,0,0,1,0
10312,2.0,0.0,0,0,0,0
11360,4.0,0.0,0,0,4,0
11228,5.0,0.0,0,0,5,0
11233,0.0,0.0,0,0,1,0
11251,1.0,0.0,1,0,0,0
10306,6.0,0.0,0,0,6,0
11372,2.0,0.0,0,0,1,0
11229,4.0,0.0,0,0,3,0
11207,0.0,1.0,0,0,0,0
11419,1.0,0.0,1,0,0,0
10305,0.0,0.0,0,0,0,0
10453,4.0,0.0,0,0,4,0
10032,4.0,0.0,0,0,1,0
11217,7.0,0.0,0,0,7,0
10037,6.0,0.0,0,0,6,0
11693,9.0,0.0,0,0,9,0
11231,2.0,0.0,0,0,0,0
11222,2.0,1.0,0,0,2,1
10301,2.0,0.0,1,0,1,0
11207,4.0,0.0,0,0,4,0
10468,8.0,0.0,0,0,8,0
11412,2.0,0.0,0,0,2,0
11413,1.0,0.0,1,0,0,0
11364,2.0,0.0,0,0,2,0
11422,1.0,0.0,0,0,0,0
10013,2.0,0.0,0,0,1,0
10038,3.0,0.0,0,0,3,0
10451,1.0,0.0,1,0,0,0
11226,11.0,0.0,0,0,11,0
11234,0.0,1.0,0,0,0,0
11434,4.0,2.0,0,0,4,2
10308,0.0,1.0,0,0,0,0
11211,6.0,0.0,0,0,6,0
11211,5.0,0.0,0,0,5,0
11207,10.0,0.0,0,0,10,0
11204,3.0,1.0,0,0,3,1
11385,5.0,0.0,0,0,5,0
10305,4.0,0.0,0,0,4,0
10475,4.0,0.0,0,0,4,0
11224,2.0,0.0,0,0,2,0
10456,6.0,0.0,0,0,0,0
10037,2.0,0.0,0,0,0,0
10028,3.0,0.0,0,0,0,0
10153,1.0,0.0,0,0,1,0
10003,0.0,0.0,0,0,0,0
11415,1.0,0.0,0,0,0,0
10468,6.0,0.0,0,0,6,0
10065,2.0,0.0,0,0,2,0
11421,6.0,0.0,0,0,6,0
11421,8.0,0.0,0,0,8,0
10040,0.0,0.0,0,0,0,0
10312,1.0,0.0,0,0,1,0
10038,0.0,1.0,0,0,0,0
11211,0.0,0.0,0,0,0,0
10466,0.0,0.0,0,0,0,0
10003,2.0,0.0,0,0,2,0
11368,2.0,0.0,1,0,0,0
10474,3.0,0.0,0,0,3,0
11221,4.0,0.0,0,0,4,0
11237,1.0,1.0,0,0,0,0
10001,4.0,0.0,0,0,4,0
10458,1.0,0.0,0,0,1,0
11374,6.0,0.0,0,0,6,0
11354,1.0,0.0,0,0,0,0
10128,0.0,1.0,0,0,0,0
10464,2.0,0.0,0,0,2,0
10456,3.0,0.0,1,0,2,0
10454,11.0,0.0,0,0,11,0
11219,4.0,0.0,0,0,4,0
11355,2.0,0.0,0,0,0,0
11428,2.0,0.0,1,0,1,0
10452,2.0,0.0,0,0,1,0
10016,1.0,0.0,1,0,0,0
11363,1.0,0.0,0,0,0,0
11239,1.0,0.0,0,0,1,0
10033,3.0,0.0,0,0,3,0
11105,2.0,0.0,0,0,2,0
10470,1.0,1.0,0,0,1,1
11233,3.0,0.0,0,0,3,0
11204,5.0,2.0,0,0,5,1
11378,1.0,0.0,0,0,0,0
11691,3.0,0.0,0,0,0,0
11367,1.0,0.0,1,0,0,0
10475,8.0,0.0,0,0,8,0
10012,2.0,0.0,2,0,0,0
11212,10.0,0.0,0,0,10,0
10307,1.0,0.0,1,0,0,0
11432,2.0,0.0,0,0,1,0
10306,0.0,1.0,0,1,0,0
10471,1.0,0.0,0,0,1,0
11366,1.0,0.0,1,0,0,0
11232,4.0,0.0,0,0,2,0
10106,1.0,0.0,0,0,0,0
10123,1.0,0.0,1,0,0,0
10019,2.0,0.0,2,0,0,0
10024,1.0,0.0,1,0,0,0
11236,0.0,0.0,0,0,0,0
10000,1.0,0.0,1,0,0,0
11358,1.0,0.0,0,0,0,0
11361,11.0,0.0,0,0,11,0
11236,2.0,0.0,1,0,0,0
11237,1.0,0.0,1,0,0,0
11372,1.0,0.0,0,0,0,0
10458,4.0,0.0,0,0,4,0
11220,1.0,1.0,0,0,1,1
10306,2.0,0.0,0,0,1,0
11416,0.0,1.0,0,0,0,0
11101,0.0,0.0,0,0,5,0
11358,1.0,0.0,1,0,0,0
11238,7.0,0.0,0,0,7,0
11697,3.0,0.0,0,0,3,0
10451,0.0,0.0,0,0,0,1
10018,4.0,0.0,0,0,4,0
10451,3.0,0.0,0,0,0,0
10011,5.0,0.0,0,0,3,0
10025,1.0,0.0,0,0,0,0
11419,2.0,0.0,2,0,0,0
10031,5.0,0.0,0,0,5,0
11004,1.0,0.0,1,0,0,0
11426,6.0,0.0,0,0,6,0
11413,2.0,1.0,0,0,2,1
11226,10.0,0.0,0,0,10,0
11235,1.0,1.0,0,0,0,0
11693,4.0,0.0,0,0,0,0
11416,6.0,0.0,0,0,6,0
11426,1.0,0.0,0,0,1,0
11435,1.0,0.0,1,0,0,0
11212,2.0,0.0,1,0,1,0
10128,3.0,1.0,0,0,3,1
10005,2.0,0.0,0,0,2,0
10002,0.0,1.0,0,0,0,0
10459,3.0,0.0,0,0,3,0
10002,3.0,0.0,1,0,2,0
10301,5.0,0.0,0,0,5,0
10457,3.0,0.0,0,0,3,0
11230,1.0,0.0,0,0,0,0
11229,1.0,0.0,0,0,1,0
11427,3.0,0.0,0,0,3,0
11365,0.0,1.0,0,0,0,0
10039,2.0,0.0,0,0,2,0
10001,12.0,0.0,0,0,12,0
11215,1.0,0.0,0,0,1,0
10020,3.0,0.0,0,0,3,0
11375,0.0,0.0,0,0,0,0
10452,1.0,1.0,1,1,0,0
10176,1.0,0.0,0,0,1,0
11222,2.0,0.0,1,0,0,0
10462,2.0,0.0,0,0,0,0
11212,3.0,0.0,0,0,1,0
11201,3.0,1.0,0,0,3,1
11103,1.0,0.0,0,0,0,0
11236,6.0,0.0,0,0,6,0
11219,3.0,0.0,0,0,3,0
11355,1.0,0.0,0,0,1,0
11377,2.0,0.0,0,0,1,0
10453,0.0,1.0,0,0,0,1
11221,7.0,0.0,0,0,7,0
11374,1.0,0.0,0,0,1,0
11218,1.0,0.0,1,0,0,0
11203,6.0,0.0,0,0,5,0
10034,0.0,1.0,0,0,0,0
10021,1.0,0.0,0,0,0,0
11238,4.0,0.0,0,0,3,0
11233,3.0,0.0,0,0,0,0
11205,0.0,1.0,0,0,0,1
10462,3.0,0.0,0,0,2,0
10022,3.0,0.0,0,0,1,0
10031,2.0,0.0,2,0,0,0
11362,0.0,1.0,0,0,0,1
11422,5.0,0.0,0,0,5,0
10463,3.0,0.0,0,0,3,0
11228,0.0,0.0,0,0,0,0
10312,9.0,0.0,0,0,9,0
10169,1.0,0.0,0,0,1,0
11230,5.0,0.0,0,0,5,0
10033,2.0,0.0,0,0,2,0
10457,3.0,0.0,0,0,0,0
10036,2.0,0.0,0,0,0,0
10177,0.0,0.0,0,0,0,0
11375,2.0,0.0,1,0,0,0
10036,15.0,0.0,0,0,2,0
11693,0.0,1.0,0,0,0,1
10307,2.0,0.0,0,0,2,0
10309,6.0,0.0,0,0,6,0
11421,2.0,0.0,1,0,0,0
10026,0.0,1.0,0,0,0,0
11418,3.0,0.0,0,0,0,0
10314,5.0,0.0,0,0,5,0
10460,8.0,0.0,0,0,8,0
11364,4.0,0.0,0,0,4,0
11206,1.0,0.0,0,0,0,0
11237,6.0,0.0,0,0,6,0
11229,3.0,0.0,0,0,3,0
11201,3.0,0.0,2,0,1,0
10457,3.0,0.0,0,0,2,0
11215,2.0,0.0,2,0,0,0
10021,4.0,0.0,0,0,4,0
11368,3.0,0.0,0,0,3,0
11354,3.0,0.0,0,0,3,0
11220,7.0,0.0,0,0,7,0
11220,1.0,0.0,0,0,1,0
10461,1.0,0.0,0,0,1,0
11226,5.0,0.0,0,0,4,0
11106,2.0,0.0,0,0,1,0
11370,4.0,0.0,0,0,3,0
10010,1.0,0.0,0,0,0,0
11101,0.0,1.0,0,0,0,0
10460,4.0,0.0,0,0,2,0
11040,1.0,0.0,1,0,0,0
11421,4.0,0.0,0,0,3,0
11206,5.0,0.0,0,0,5,0
10307,1.0,0.0,0,0,0,0
11379,5.0,0.0,0,0,5,0
11249,2.0,0.0,0,0,2,0
10467,1.0,1.0,0,0,1,1
11220,4.0,0.0,0,0,4,0
10029,2.0,0.0,1,0,0,0
10069,1.0,0.0,0,0,1,0
10010,7.0,0.0,0,0,4,0
11213,2.0,0.0,1,0,0,0
10464,0.0,0.0,0,0,0,0
11691,3.0,0.0,0,0,2,0
11211,1.0,1.0,0,0,0,0
10457,1.0,1.0,0,0,0,0
11233,2.0,1.0,0,0,2,1
11237,3.0,0.0,0,0,3,0
11212,1.0,0.0,0,0,1,0
10463,4.0,0.0,0,0,0,0
10001,0.0,1.0,0,0,0,0
10472,0.0,1.0,0,0,0,0
10001,3.0,0.0,0,0,0,0
10165,1.0,0.0,0,0,0,0
10105,2.0,0.0,0,0,2,0
10019,4.0,0.0,0,0,2,0
10471,5.0,0.0,0,0,5,0
11372,4.0,0.0,1,0,3,0
10470,6.0,0.0,0,0,6,0
10455,1.0,0.0,0,0,1,0
11429,0.0,1.0,0,0,0,1
10169,1.0,0.0,1,0,0,0
11206,4.0,0.0,0,0,2,0
10024,0.0,1.0,0,1,0,0
10018,2.0,0.0,1,0,1,0
11428,0.0,0.0,0,0,0,0
11365,2.0,0.0,0,0,1,0
10281,1.0,0.0,1,0,0,0
11358,2.0,0.0,0,0,0,0
10305,1.0,0.0,0,0,0,0
11211,2.0,0.0,1,0,0,0
11225,0.0,1.0,0,1,0,0
11102,1.0,0.0,1,0,0,0
10303,2.0,0.0,0,0,2,0
11419,2.0,0.0,1,0,0,0
11239,1.0,0.0,1,0,0,0
11209,3.0,0.0,0,0,0,0
10278,2.0,0.0,0,0,2,0
10453,4.0,0.0,0,0,0,0
11361,3.0,0.0,0,0,0,0
11106,4.0,0.0,0,0,4,0
10459,6.0,0.0,0,0,3,0
11433,4.0,0.0,0,0,0,0
10018,1.0,1.0,0,0,1,0
10308,1.0,0.0,0,0,0,0
11204,2.0,0.0,0,0,0,0
10013,6.0,0.0,0,0,6,0
11355,3.0,0.0,0,0,3,0
11207,0.0,2.0,0,0,0,2
11224,2.0,0.0,2,0,0,0
10036,8.0,0.0,0,0,8,0
10467,6.0,0.0,0,0,5,0
11249,2.0,0.0,1,0,0,0
10065,3.0,0.0,0,0,3,0
11219,0.0,0.0,0,0,2,0
10304,0.0,1.0,0,0,0,1
10016,0.0,1.0,0,0,0,0
10461,0.0,1.0,0,1,0,0
11691,1.0,1.0,0,0,0,0
10014,0.0,0.0,0,0,0,0
11366,2.0,0.0,0,0,0,0
10030,5.0,0.0,0,0,5,0
10035,2.0,0.0,0,0,1,0
10454,1.0,1.0,0,0,1,0
11239,4.0,0.0,0,0,3,0
10025,1.0,0.0,1,0,0,0
11413,2.0,0.0,0,0,1,0
11420,5.0,0.0,0,0,5,0
10452,4.0,0.0,0,0,4,0
11419,0.0,1.0,0,0,0,1
11216,2.0,0.0,0,0,0,0
11215,0.0,0.0,0,0,0,0
11234,4.0,3.0,0,0,4,3
10308,3.0,0.0,0,0,3,0
11422,2.0,0.0,0,0,0,0
11692,2.0,0.0,0,0,1,0
11216,4.0,1.0,0,0,4,0
10473,2.0,0.0,1,0,1,0
10025,5.0,0.0,0,0,5,0
10458,2.0,0.0,2,0,0,0
11232,1.0,0.0,1,0,0,0
10460,3.0,0.0,0,0,2,0
10314,1.0,0.0,1,0,0,0
10179,1.0,0.0,0,0,0,0
10016,3.0,0.0,0,0,3,0
10016,6.0,0.0,0,0,2,0
11208,0.0,2.0,0,0,0,0
11692,0.0,1.0,0,0,0,0
11005,1.0,0.0,0,0,0,0
11365,0.0,0.0,0,0,0,0
11201,0.0,0.0,0,0,0,0
11225,2.0,0.0,2,0,0,0
10069,0.0,0.0,0,0,0,0
11234,1.0,0.0,1,0,0,0
11236,2.0,1.0,0,0,2,1
10111,0.0,0.0,0,0,0,0
11040,0.0,1.0,0,0,0,0
10456,4.0,0.0,0,0,2,0
11414,2.0,0.0,0,0,0,0
10021,1.0,0.0,0,0,1,0
11412,1.0,0.0,0,0,0,0
11427,0.0,1.0,0,0,0,0
10013,2.0,0.0,2,0,0,0
11377,2.0,0.0,2,0,0,0
11216,8.0,0.0,0,0,5,0
11372,2.0,0.0,1,0,0,0
11223,1.0,0.0,1,0,0,0
11101,4.0,0.0,0,0,4,0
10468,2.0,0.0,1,0,1,0
11220,2.0,0.0,0,0,0,0
11419,4.0,0.0,0,0,4,0
10029,2.0,0.0,0,0,2,0
11377,2.0,0.0,0,0,2,0
11692,4.0,0.0,0,0,4,0
11212,6.0,0.0,0,0,6,0
11411,0.0,1.0,0,0,0,1
10454,1.0,0.0,0,0,0,0
11237,2.0,0.0,0,0,2,0
11357,3.0,0.0,0,0,3,0
11233,2.0,0.0,0,0,0,0
11374,7.0,0.0,0,0,7,0
10001,5.0,0.0,0,0,5,0
11432,4.0,0.0,0,0,4,0
10006,1.0,0.0,1,0,0,0
10026,6.0,0.0,0,0,6,0
11363,0.0,0.0,0,0,0,0
11217,9.0,0.0,0,0,9,0
10031,7.0,0.0,0,0,7,0
11235,0.0,1.0,0,0,0,1
10030,2.0,0.0,1,0,0,0
11372,2.0,0.0,0,0,0,0
10027,0.0,1.0,0,1,0,0
10011,4.0,0.0,0,0,4,0
11221,2.0,0.0,1,0,0,0
11249,2.0,0.0,0,0,1,0
11419,2.0,1.0,0,0,2,1
11361,2.0,0.0,1,0,0,0
10467,4.0,0.0,0,0,4,0
11219,2.0,0.0,0,0,0,0
10458,4.0,0.0,0,0,0,0
10036,0.0,1.0,0,0,0,1
11208,6.0,0.0,0,0,6,0
11358,7.0,0.0,0,0,7,0
11216,4.0,1.0,0,0,4,1
11004,0.0,1.0,0,0,0,1
10026,2.0,0.0,0,0,0,0
11208,1.0,0.0,0,0,1,0
10037,4.0,0.0,0,0,4,0
11235,1.0,1.0,0,0,1,1
11434,6.0,0.0,0,0,6,0
11691,0.0,0.0,0,0,4,0
11423,1.0,0.0,0,0,0,0
10303,2.0,0.0,0,0,1,0
11429,1.0,0.0,0,0,1,0
11236,9.0,0.0,0,0,9,0
11420,4.0,0.0,0,0,4,0
10010,1.0,0.0,0,0,1,0
10033,1.0,0.0,1,0,0,0
11411,5.0,0.0,0,0,5,0
10002,6.0,0.0,0,0,5,0
11104,0.0,2.0,0,0,0,1
11356,2.0,0.0,0,0,2,0
10455,3.0,0.0,0,0,1,0
10314,4.0,0.0,0,0,4,0
10107,1.0,0.0,0,0,0,0
10303,1.0,0.0,1,0,0,0
11368,1.0,0.0,0,0,1,0
10016,1.0,0.0,0,0,0,0
11233,1.0,0.0,1,0,0,0
10075,2.0,0.0,0,0,0,0
10029,1.0,0.0,0,0,0,0
11213,1.0,0.0,1,0,0,0
11206,3.0,0.0,0,0,3,0
11369,2.0,0.0,2,0,0,0
11225,3.0,1.0,0,0,3,0
11693,0.0,0.0,0,0,2,0
10021,5.0,0.0,0,0,5,0
10460,1.0,0.0,1,0,0,0
10030,2.0,0.0,2,0,0,0
10022,2.0,0.0,0,0,2,0
11204,2.0,0.0,2,0,0,0
10280,0.0,0.0,0,0,0,0
11214,4.0,0.0,0,0,4,0
11225,0.0,1.0,0,0,0,0
10459,9.0,0.0,0,0,4,0
11693,3.0,0.0,0,0,3,0
10451,6.0,0.0,0,0,6,0
11222,4.0,0.0,0,0,4,0
11201,2.0,0.0,0,0,2,0
11206,8.0,0.0,0,0,8,0
10119,0.0,0.0,0,0,0,0
11203,2.0,0.0,0,0,2,0
10467,7.0,0.0,0,0,7,0
10016,2.0,0.0,2,0,0,0
11219,1.0,0.0,0,0,1,0
10471,2.0,0.0,0,0,0,0
11203,4.0,0.0,0,0,2,0
11101,11.0,0.0,0,0,11,0
11432,2.0,0.0,2,0,0,0
10454,3.0,1.0,0,0,3,1
11231,1.0,0.0,0,0,1,0
10451,5.0,0.0,0,0,0,0
10025,2.0,0.0,0,0,0,0
10307,1.0,0.0,0,0,1,0
11428,6.0,0.0,0,0,6,0
10312,1.0,0.0,1,0,0,0
11208,5.0,0.0,0,0,3,0
11207,2.0,1.0,0,0,2,1
10452,2.0,0.0,1,0,1,0
10304,5.0,0.0,0,0,5,0
11201,3.0,0.0,0,0,1,0
11101,3.0,0.0,0,0,0,0
10033,2.0,0.0,0,0,1,0
11367,2.0,0.0,0,0,0,0
11418,2.0,0.0,0,0,1,0
10122,0.0,0.0,0,0,0,0
11426,1.0,0.0,0,0,0,0
10016,1.0,0.0,0,0,0,0
11236,3.0,0.0,0,0,0,0
10451,2.0,0.0,0,0,2,0
11422,3.0,0.0,0,0,3,0
10303,3.0,0.0,0,0,3,0
11211,2.0,0.0,2,0,0,0
10019,2.0,0.0,0,0,2,0
11231,2.0,0.0,0,0,2,0
10033,2.0,0.0,1,0,1,0
11378,4.0,0.0,0,0,4,0
10030,1.0,0.0,0,0,1,0
11232,1.0,0.0,0,0,1,0
     ,1.0,0.0,0,0,1,0
10474,11.0,0.0,0,0,11,0
11418,2.0,1.0,0,0,2,1
10305,1.0,0.0,1,0,0,0
10302,8.0,0.0,0,0,8,0
11434,1.0,0.0,0,0,1,0
11205,8.0,0.0,0,0,8,0
10308,1.0,1.0,1,1,0,0
11235,4.0,0.0,0,0,4,0
11106,4.0,0.0,0,0,2,0
11417,7.0,0.0,0,0,7,0
11436,3.0,0.0,0,0,3,0
11237,2.0,0.0,2,0,0,0
11375,3.0,0.0,0,0,3,0
10271,1.0,0.0,0,0,1,0
11216,2.0,0.0,1,0,0,0
11206,2.0,0.0,1,0,0,0
10458,2.0,0.0,0,0,2,0
10312,0.0,0.0,0,0,0,0
11356,1.0,0.0,1,0,0,0
10028,0.0,0.0,0,0,0,0
11234,5.0,0.0,0,0,0,0
11427,1.0,1.0,0,0,1,1
10026,0.0,0.0,0,0,0,0
11693,0.0,1.0,0,1,0,0
11218,1.0,0.0,0,0,3,0
11213,3.0,0.0,0,0,0,0
10029,1.0,0.0,0,0,1,0
11378,1.0,0.0,0,0,1,0
11210,6.0,0.0,0,0,6,0
10455,2.0,0.0,2,0,0,0
10022,0.0,1.0,0,0,0,1
11233,5.0,0.0,0,0,3,0
11697,1.0,0.0,0,0,1,0
11236,3.0,0.0,0,0,3,0
10303,1.0,0.0,0,0,1,0
10020,1.0,0.0,0,0,1,0
11218,3.0,1.0,3,1,0,0
11436,3.0,0.0,0,0,2,0
11434,9.0,0.0,0,0,9,0
11370,2.0,0.0,0,0,0,0
10014,1.0,0.0,1,0,0,0
11217,0.0,0.0,0,0,1,0
10466,13.0,0.0,0,0,13,0
11377,1.0,1.0,0,0,1,0
11214,0.0,1.0,0,0,0,0
10167,0.0,0.0,0,0,0,0
11372,0.0,1.0,0,0,0,0
10452,2.0,1.0,0,0,0,0
10011,1.0,1.0,0,0,0,0
11364,5.0,0.0,0,0,5,0
11004,4.0,0.0,0,0,4,0
10457,2.0,0.0,1,0,1,0
11203,1.0,2.0,0,0,1,2
11225,1.0,1.0,0,0,1,1
11207,6.0,0.0,0,0,6,0
11374,3.0,0.0,0,0,3,0
10118,1.0,0.0,0,0,1,0
11415,3.0,0.0,0,0,0,0
11420,7.0,0.0,0,0,7,0
10454,0.0,1.0,0,1,0,0
10032,3.0,0.0,0,0,3,0
10303,0.0,0.0,0,0,0,0
11434,1.0,0.0,1,0,0,0
11238,5.0,0.0,0,0,5,0
11229,1.0,0.0,0,0,0,0
10308,0.0,0.0,0,0,0,0
11214,0.0,0.0,0,0,4,0
11206,2.0,0.0,2,0,0,0
11222,1.0,0.0,1,0,0,0
11372,3.0,0.0,0,0,2,0
11213,3.0,0.0,0,0,2,0
11691,3.0,0.0,0,0,1,0
10040,2.0,0.0,0,0,0,0
10032,10.0,0.0,0,0,10,0
11375,5.0,0.0,0,0,5,0
11208,10.0,0.0,0,0,10,0
11238,4.0,0.0,1,0,3,0
11208,2.0,0.0,2,0,0,0
10001,2.0,0.0,0,0,1,0
11234,9.0,0.0,0,0,9,0
10177,2.0,0.0,0,0,2,0
10025,3.0,0.0,0,0,3,0
11370,5.0,0.0,0,0,5,0
11206,11.0,1.0,0,0,11,1
11203,0.0,1.0,0,0,0,1
10456,1.0,0.0,1,0,0,0
11231,1.0,0.0,1,0,0,0
10305,3.0,1.0,0,0,3,1
10019,5.0,0.0,0,0,5,0
11235,2.0,0.0,2,0,0,0
11229,5.0,0.0,0,0,5,0
11368,8.0,0.0,0,0,8,0
10075,2.0,0.0,0,0,1,0
11693,7.0,0.0,0,0,7,0
11231,3.0,0.0,0,0,2,0
11238,2.0,0.0,0,0,2,0
11201,2.0,0.0,1,0,1,0
11373,1.0,1.0,0,0,1,0
11693,2.0,0.0,0,0,2,0
10306,5.0,0.0,0,0,5,0
11222,0.0,1.0,0,0,0,0
10301,5.0,0.0,0,0,2,0
11226,0.0,0.0,0,0,2,0
10003,3.0,0.0,0,0,2,0
11372,3.0,1.0,0,0,3,1
10032,3.0,0.0,0,0,2,0
10463,1.0,0.0,1,0,0,0
11436,4.0,0.0,0,0,4,0
11414,4.0,0.0,0,0,4,0
10035,9.0,0.0,0,0,9,0
11415,1.0,0.0,1,0,0,0
10464,5.0,0.0,0,0,5,0
11373,10.0,0.0,0,0,10,0
10155,1.0,0.0,0,0,0,0
11208,9.0,0.0,0,0,9,0
11434,2.0,0.0,1,0,1,0
10118,1.0,0.0,0,0,0,0
10028,1.0,0.0,0,0,1,0
11225,3.0,0.0,2,0,0,0
11238,6.0,0.0,0,0,6,0
11226,1.0,0.0,1,0,0,0
11435,12.0,0.0,0,0,12,0
10012,2.0,0.0,1,0,1,0
10003,2.0,0.0,2,0,0,0
11436,2.0,0.0,0,0,0,0
11230,1.0,0.0,1,0,0,0
10474,0.0,1.0,0,0,0,0
11233,4.0,0.0,0,0,4,0
11226,3.0,0.0,0,0,0,0
10033,1.0,0.0,0,0,1,0
10025,4.0,0.0,0,0,4,0
10467,2.0,0.0,1,0,1,0
11005,2.0,1.0,0,0,2,1
11221,2.0,0.0,0,0,1,0
10003,3.0,0.0,0,0,1,0
10306,0.0,1.0,0,0,0,1
11694,6.0,0.0,0,0,0,0
10467,2.0,0.0,0,0,1,0
10460,6.0,0.0,0,0,6,0
10455,3.0,0.0,0,0,0,0
10039,0.0,1.0,0,0,0,0
11378,1.0,0.0,1,0,0,0
11434,1.0,0.0,0,0,0,0
10022,2.0,0.0,0,0,0,0
11365,2.0,0.0,0,0,0,0
11212,1.0,1.0,0,0,1,0
11216,3.0,0.0,0,0,2,0
11213,2.0,0.0,2,0,0,0
11219,4.0,0.0,0,0,0,0
10303,1.0,0.0,0,0,0,0
11426,2.0,0.0,0,0,0,0
11427,8.0,0.0,0,0,8,0
11373,0.0,0.0,0,0,1,0
11233,3.0,0.0,0,0,2,0
11207,0.0,1.0,0,1,0,0
10013,4.0,0.0,0,0,4,0
11428,2.0,0.0,0,0,1,0
11231,1.0,0.0,0,0,0,0
11692,3.0,0.0,0,0,0,0
11216,3.0,0.0,1,0,2,0
11691,0.0,1.0,0,1,0,0
11362,5.0,0.0,0,0,5,0
11418,3.0,0.0,0,0,3,0
11429,2.0,0.0,0,0,1,0
10004,1.0,0.0,0,0,1,0
11694,1.0,0.0,0,0,0,0
10027,2.0,0.0,0,0,0,0
11238,8.0,0.0,0,0,8,0
10020,2.0,0.0,0,0,1,0
11209,2.0,0.0,0,0,2,0
10456,1.0,0.0,0,0,1,0
11103,2.0,0.0,1,0,1,0
11368,0.0,0.0,0,0,0,0
11204,6.0,0.0,0,0,5,0
10305,6.0,0.0,0,0,6,0
11435,1.0,0.0,0,0,0,0
11432,3.0,0.0,0,0,0,0
11203,2.0,0.0,1,0,0,0
10472,5.0,0.0,0,0,5,0
10013,1.0,0.0,0,0,0,0
11368,10.0,0.0,0,0,10,0
10467,2.0,1.0,0,0,2,1
11354,2.0,0.0,0,0,1,0
11355,0.0,1.0,0,1,0,0
11428,3.0,0.0,0,0,3,0
11101,4.0,0.0,1,0,3,0
11205,0.0,1.0,0,1,0,0
10010,2.0,0.0,2,0,0,0
11222,1.0,1.0,0,0,1,1
11204,0.0,0.0,0,0,0,0
10455,2.0,0.0,1,0,0,0
11434,12.0,0.0,0,0,12,0
11204,4.0,0.0,0,0,4,0
10455,0.0,1.0,0,0,0,0
11434,2.0,0.0,0,0,1,0
11101,3.0,0.0,1,0,2,0
10465,6.0,0.0,0,0,6,0
10473,2.0,0.0,0,0,2,0
10459,1.0,0.0,0,0,1,0
11413,0.0,1.0,0,0,0,0
11374,4.0,0.0,0,0,4,0
10457,4.0,0.0,0,0,4,0
10021,2.0,0.0,0,0,2,0
11433,0.0,1.0,0,0,0,1
11214,1.0,0.0,1,0,0,0
11368,2.0,0.0,0,0,2,0
11205,1.0,1.0,0,0,0,0
10121,1.0,0.0,1,0,0,0
10459,6.0,0.0,0,0,1,0
10035,0.0,1.0,0,0,0,0
11218,6.0,0.0,0,0,6,0
11232,3.0,0.0,0,0,3,0
10461,2.0,0.0,0,0,1,0
11220,2.0,0.0,1,0,0,0
10014,12.0,8.0,1,2,4,0
11428,2.0,0.0,2,0,0,0
10019,0.0,0.0,0,0,2,0
10038,5.0,0.0,0,0,5,0
10452,0.0,0.0,0,0,1,0
10462,3.0,0.0,0,0,3,0
10309,6.0,3.0,0,0,6,3
10468,2.0,0.0,2,0,0,0
10472,6.0,0.0,0,0,4,0
10009,7.0,0.0,0,0,6,0
11213,5.0,0.0,0,0,5,0
11421,1.0,0.0,1,0,0,0
11234,1.0,1.0,0,0,1,1
11230,3.0,0.0,0,0,3,0
11691,1.0,0.0,0,0,1,0
11208,2.0,1.0,0,0,2,0
11373,2.0,0.0,2,0,0,0
10029,0.0,1.0,0,0,0,1
11365,0.0,1.0,0,0,0,1
10128,2.0,0.0,0,0,0,0
11236,3.0,0.0,0,0,1,0
11235,4.0,0.0,0,0,5,0
10012,2.0,0.0,1,0,0,0
11203,0.0,1.0,0,0,0,0
11106,4.0,0.0,0,0,3,0
11693,2.0,0.0,0,0,1,0
11105,1.0,2.0,0,0,1,2
11210,2.0,0.0,0,0,1,0
11429,8.0,0.0,0,0,8,0
11216,8.0,0.0,0,0,8,0
10473,1.0,1.0,0,0,0,0
10461,2.0,0.0,0,0,0,0
11211,3.0,0.0,2,0,1,0
11229,0.0,2.0,0,0,0,0
11379,10.0,0.0,0,0,10,0
10470,3.0,0.0,0,0,3,0
11203,8.0,0.0,0,0,8,0
11417,1.0,0.0,0,0,0,0
11217,6.0,1.0,0,1,6,0
10029,1.0,0.0,0,0,3,0
10023,1.0,0.0,0,0,1,0
11692,2.0,0.0,1,0,0,0
10009,13.0,0.0,0,0,13,0
11418,7.0,0.0,0,0,7,0
11233,3.0,0.0,2,0,1,0
10280,1.0,0.0,1,0,0,0
11219,3.0,0.0,0,0,1,0
11228,2.0,0.0,0,0,1,0
11204,0.0,1.0,0,0,0,0
10021,2.0,0.0,0,0,0,0
10469,0.0,1.0,0,0,0,1
11417,0.0,1.0,0,0,0,1
10036,1.0,0.0,1,0,0,0
11415,3.0,0.0,0,0,1,0
10028,2.0,0.0,0,0,0,0
11219,5.0,0.0,0,0,5,0
10027,3.0,0.0,0,0,3,0
11420,7.0,1.0,0,0,7,1
10304,2.0,0.0,1,0,1,0
10454,3.0,0.0,0,0,3,0
10466,1.0,0.0,0,0,1,0
11210,9.0,0.0,0,0,9,0
10464,10.0,0.0,0,0,10,0
10170,1.0,0.0,1,0,0,0
10460,4.0,0.0,0,0,0,0
10304,2.0,0.0,0,0,1,0
11222,2.0,0.0,0,0,2,0
11364,3.0,0.0,0,0,3,0
11212,0.0,1.0,0,0,0,1
11211,10.0,0.0,0,0,10,0
11004,2.0,0.0,0,0,2,0
10010,18.0,0.0,0,0,18,0
11213,1.0,1.0,0,0,1,0
10458,1.0,0.0,1,0,0,0
10468,4.0,0.0,0,0,0,0
11217,1.0,0.0,1,0,0,0
10472,0.0,0.0,0,0,2,0
11212,7.0,1.0,0,0,7,1
11233,0.0,1.0,0,0,0,1
11367,0.0,1.0,0,0,0,0
10069,1.0,0.0,0,0,0,0
11433,1.0,1.0,0,0,1,1
10038,7.0,0.0,0,0,7,0
11372,4.0,0.0,0,0,3,0
10029,3.0,0.0,0,0,0,0
11215,3.0,0.0,0,0,0,0
11373,0.0,1.0,0,0,0,0
10453,0.0,1.0,0,1,0,0
10038,3.0,0.0,0,0,0,0
11224,4.0,0.0,0,0,1,0
10036,0.0,0.0,0,0,1,0
10465,5.0,0.0,0,0,5,0
10302,0.0,1.0,0,0,0,0
11361,0.0,0.0,0,0,1,0
11379,1.0,0.0,0,0,1,0
11357,1.0,0.0,0,0,0,0
10000,2.0,0.0,1,0,0,0
10001,2.0,0.0,0,0,0,0
10467,1.0,0.0,0,0,1,0
10036,0.0,0.0,0,0,0,0
11419,3.0,0.0,0,0,3,0
10465,2.0,0.0,2,0,0,0
10040,5.0,0.0,0,0,5,0
11214,0.0,1.0,0,0,0,1
10474,0.0,0.0,0,0,0,0
11368,4.0,0.0,0,0,1,0
10024,3.0,0.0,1,0,2,0
11369,5.0,0.0,0,0,5,0
11232,2.0,0.0,1,0,0,0
10305,0.0,1.0,0,1,0,0
10457,13.0,0.0,0,0,13,0
11420,1.0,0.0,0,0,0,0
11203,9.0,0.0,0,0,9,0
10075,2.0,0.0,1,0,0,0
11378,0.0,1.0,0,0,0,1
11364,3.0,0.0,0,0,1,0
10454,2.0,0.0,2,0,0,0
10040,1.0,0.0,0,0,1,0
10462,0.0,1.0,0,1,0,0
11224,1.0,0.0,1,0,0,0
10031,2.0,0.0,0,0,1,0
10280,1.0,0.0,0,0,1,0
10007,4.0,0.0,0,0,3,0
10312,0.0,2.0,0,0,0,0
10032,6.0,0.0,0,0,6,0
11238,4.0,0.0,0,0,4,0
11235,3.0,0.0,0,0,3,0
11379,7.0,0.0,0,0,7,0
10002,2.0,1.0,0,0,0,0
10168,1.0,0.0,0,0,0,0
10473,5.0,0.0,0,0,5,0
11105,3.0,0.0,0,0,3,0
10110,0.0,0.0,0,0,0,0
10032,2.0,0.0,2,0,0,0
11374,3.0,0.0,0,0,2,0
11229,1.0,1.0,0,0,1,1
10023,2.0,0.0,1,0,0,0
11434,3.0,0.0,0,0,3,0
10469,1.0,0.0,1,0,0,0
11418,4.0,0.0,0,0,1,0
10035,2.0,0.0,2,0,0,0
10314,1.0,0.0,0,0,0,0
10466,2.0,0.0,2,0,0,0
10304,2.0,0.0,1,0,0,0
11104,5.0,0.0,0,0,5,0
10021,2.0,0.0,0,0,1,0
10460,5.0,0.0,0,0,5,0
10459,6.0,0.0,0,0,6,0
11691,2.0,0.0,0,0,2,0
10167,2.0,0.0,0,0,2,0
11379,6.0,0.0,0,0,6,0
10460,2.0,0.0,0,0,2,0
11217,2.0,0.0,1,0,0,0
11226,4.0,0.0,0,0,3,0
11377,2.0,0.0,1,0,1,0
10151,0.0,0.0,0,0,0,0
11204,2.0,0.0,0,0,2,0
10040,1.0,1.0,0,0,1,1
11220,6.0,0.0,0,0,6,0
11361,9.0,0.0,0,0,9,0
11231,3.0,0.0,1,0,1,0
11354,0.0,1.0,0,0,0,1
11211,1.0,0.0,0,0,0,0
10075,0.0,0.0,0,0,0,0
11106,7.0,0.0,0,0,7,0
10462,1.0,0.0,1,0,0,0
11420,1.0,0.0,0,0,1,0
10451,31.0,0.0,0,0,31,0
11378,3.0,0.0,0,0,3,0
11361,0.0,1.0,0,0,0,1
11426,0.0,0.0,0,0,0,0
11226,0.0,1.0,0,0,0,0
10009,2.0,0.0,1,0,1,0
10473,19.0,0.0,0,0,19,0
10017,5.0,0.0,0,0,5,0
11233,1.0,0.0,0,0,1,0
11104,9.0,0.0,0,0,9,0
11201,0.0,1.0,0,0,0,1
10009,1.0,0.0,1,0,0,0
11420,1.0,1.0,0,0,1,1
11369,0.0,1.0,0,0,0,1
11233,2.0,0.0,0,0,1,0
11103,2.0,0.0,0,0,0,0
11419,1.0,1.0,0,0,0,0
10017,4.0,0.0,0,0,2,0
11419,2.0,0.0,0,0,0,0
10038,2.0,0.0,0,0,1,0
11369,4.0,0.0,0,0,4,0
10305,5.0,0.0,0,0,2,0
11201,2.0,0.0,0,0,1,0
11215,8.0,0.0,0,0,8,0
10011,0.0,0.0,0,0,0,0
10466,1.0,0.0,0,0,0,0
10037,1.0,0.0,0,0,0,0
10018,2.0,0.0,1,0,0,0
11420,1.0,3.0,0,0,1,3
11239,2.0,1.0,0,0,2,1
11373,4.0,0.0,0,0,1,0
11420,3.0,0.0,0,0,2,0
11226,6.0,0.0,0,0,6,0
10013,2.0,0.0,1,0,1,0
10474,2.0,1.0,0,0,2,1
11216,3.0,0.0,0,0,3,0
11379,9.0,0.0,0,0,9,0
11419,4.0,0.0,0,0,3,0
10312,1.0,0.0,0,0,0,0
11372,5.0,0.0,0,0,5,0
11411,1.0,0.0,1,0,0,0
11436,8.0,0.0,0,0,8,0
11216,2.0,0.0,0,0,1,0
11001,1.0,0.0,1,0,0,0
11693,2.0,0.0,0,0,0,0
11436,2.0,0.0,0,0,1,0
11358,4.0,0.0,0,0,4,0
11210,3.0,0.0,0,0,1,0
10280,4.0,0.0,0,0,4,0
11230,2.0,0.0,0,0,1,0
11415,0.0,1.0,0,0,0,0
11206,1.0,0.0,0,0,1,0
11374,2.0,0.0,1,0,1,0
11238,0.0,1.0,0,0,0,1
10027,4.0,0.0,0,0,4,0
10463,6.0,0.0,0,0,6,0
10472,2.0,0.0,2,0,0,0
11210,5.0,0.0,0,0,0,0
11375,8.0,0.0,0,0,8,0
10468,3.0,0.0,0,0,0,0
11040,1.0,0.0,0,0,1,0
10471,1.0,0.0,1,0,0,0
10302,4.0,0.0,0,0,4,0
11206,6.0,0.0,0,0,6,0
10462,1.0,1.0,0,0,1,0
10153,1.0,0.0,0,0,0,0
11216,0.0,0.0,0,0,3,0
11102,1.0,0.0,0,0,0,0
10301,3.0,0.0,0,0,3,0
11208,2.0,0.0,1,0,1,0
11201,2.0,0.0,2,0,0,0
11106,8.0,0.0,0,0,8,0
11105,1.0,0.0,0,0,0,0
11203,3.0,0.0,0,0,2,0
11215,3.0,0.0,0,0,3,0
10107,0.0,0.0,0,0,0,0
10465,2.0,1.0,0,0,2,1
10475,5.0,0.0,0,0,5,0
10455,0.0,0.0,0,0,0,0
10027,0.0,0.0,0,0,0,0
11228,1.0,0.0,0,0,0,0
11212,0.0,0.0,0,0,1,1
10016,1.0,1.0,0,0,1,0
10473,4.0,0.0,0,0,3,0
10453,0.0,0.0,0,0,0,0
11422,2.0,0.0,0,0,1,0
11422,6.0,0.0,0,0,6,0
11236,15.0,0.0,0,0,15,0
11226,2.0,0.0,0,0,0,0
10458,2.0,1.0,0,0,2,0
10002,3.0,0.0,1,0,0,0
11436,4.0,0.0,0,0,3,0
11385,0.0,0.0,0,0,0,0
10464,0.0,1.0,0,1,0,0
10475,3.0,0.0,0,0,0,0
10309,0.0,1.0,0,0,0,0
11203,1.0,0.0,0,0,0,0
10473,1.0,0.0,1,0,0,0
10282,2.0,0.0,0,0,2,0
11429,1.0,0.0,1,0,0,0
10029,0.0,0.0,0,0,0,0
11694,4.0,0.0,0,0,4,0
11378,2.0,0.0,1,0,1,0
11214,3.0,0.0,0,0,2,0
11413,4.0,0.0,0,0,4,0
10012,0.0,1.0,0,0,0,0
11004,1.0,0.0,0,0,1,0
11207,2.0,0.0,0,0,2,0
11218,2.0,0.0,0,0,0,0
11203,11.0,0.0,0,0,11,0
10454,1.0,0.0,1,0,0,0
11238,0.0,0.0,0,0,0,0
10464,2.0,0.0,0,0,0,0
10462,2.0,0.0,1,0,0,0
11210,8.0,0.0,0,0,5,0
10466,9.0,0.0,0,0,9,0
10455,3.0,0.0,0,0,2,0
10457,0.0,0.0,0,0,0,0
10306,1.0,1.0,0,0,0,0
10035,5.0,0.0,0,0,5,0
10174,0.0,0.0,0,0,0,0
11004,6.0,0.0,0,0,6,0
11433,3.0,0.0,0,0,1,0
10459,4.0,0.0,0,0,4,0
11238,2.0,0.0,1,0,1,0
11368,4.0,0.0,0,0,4,0
11695,4.0,0.0,0,0,4,0
11005,2.0,0.0,0,0,2,0
10001,3.0,0.0,1,0,2,0
10457,10.0,0.0,0,0,10,0
11104,2.0,0.0,1,0,1,0
11235,6.0,0.0,0,0,6,0
10027,2.0,0.0,1,0,1,0
11205,3.0,0.0,0,0,0,0
11231,0.0,1.0,0,1,0,0
10065,4.0,0.0,0,0,4,0
11368,5.0,0.0,0,0,5,0
10035,4.0,0.0,0,0,3,0
10030,2.0,0.0,0,0,0,0
10302,0.0,0.0,0,0,0,0
11104,2.0,0.0,1,0,0,0
10452,7.0,0.0,0,0,7,0
11414,5.0,0.0,0,0,5,0
10022,1.0,0.0,1,0,0,0
11385,2.0,0.0,0,0,1,0
10040,5.0,0.0,0,0,0,0
11691,2.0,0.0,2,0,0,0
10002,2.0,0.0,0,0,0,0
11236,2.0,0.0,0,0,2,0
11219,3.0,0.0,0,0,0,0
11249,3.0,0.0,0,0,0,0
10033,0.0,1.0,0,0,0,1
10302,1.0,0.0,1,0,0,0
10473,0.0,1.0,0,0,0,1
11377,7.0,0.0,0,0,6,0
11207,2.0,0.0,2,0,0,0
11367,4.0,0.0,0,0,4,0
11419,0.0,0.0,0,0,0,0
11377,3.0,0.0,0,0,3,0
10456,0.0,0.0,0,0,0,0
11238,2.0,0.0,0,0,0,0
10308,1.0,1.0,0,0,0,0
11372,4.0,0.0,0,0,4,0
10454,4.0,0.0,0,0,4,0
10469,1.0,0.0,0,0,0,0
11206,0.0,0.0,0,0,0,0
11420,3.0,0.0,0,0,1,0
11427,2.0,0.0,1,0,0,0
10024,6.0,0.0,0,0,6,0
11207,2.0,1.0,0,0,1,0
10022,6.0,0.0,0,0,6,0
11356,5.0,0.0,0,0,5,0
10466,3.0,0.0,0,0,3,0
10035,1.0,0.0,0,0,1,0
11004,4.0,0.0,0,0,3,0
11005,1.0,0.0,0,0,1,0
11004,3.0,0.0,0,0,3,0
10462,1.0,1.0,0,0,1,1
11249,3.0,0.0,1,0,2,0
10469,2.0,0.0,0,0,2,0
11435,5.0,0.0,0,0,3,0
10460,3.0,0.0,1,0,2,0
10271,1.0,0.0,0,0,0,0
10018,2.0,0.0,0,0,2,0
10475,1.0,0.0,0,0,0,0
10013,1.0,1.0,0,0,1,0
10457,4.0,0.0,0,0,3,0
10456,2.0,0.0,0,0,1,0
10034,1.0,0.0,0,0,0,0
10069,2.0,0.0,2,0,0,0
11104,3.0,0.0,0,0,3,0
11220,3.0,0.0,0,0,3,0
11433,1.0,0.0,1,0,0,0
11367,1.0,0.0,0,0,1,0
10025,2.0,0.0,0,0,1,0
10011,6.0,0.0,0,0,6,0
10009,0.0,1.0,0,0,0,0
10460,1.0,1.0,0,0,1,0
10035,0.0,0.0,0,0,0,0
10007,3.0,0.0,0,0,3,0
11208,19.0,0.0,0,0,19,0
11217,3.0,0.0,0,0,2,0
11216,0.0,1.0,0,1,0,0
10040,3.0,0.0,0,0,3,0
11356,2.0,0.0,0,0,0,0
10010,1.0,0.0,1,0,0,0
10306,8.0,0.0,0,0,8,0
10035,6.0,0.0,0,0,4,0
10471,2.0,0.0,1,0,1,0
11413,2.0,0.0,1,0,0,0
10016,0.0,1.0,0,1,0,0
11001,2.0,0.0,0,0,2,0
10037,8.0,0.0,0,0,8,0
11233,2.0,0.0,2,0,0,0
11358,0.0,1.0,0,0,0,0
11215,2.0,0.0,1,0,0,0
10001,0.0,0.0,0,0,0,0
10001,3.0,0.0,0,0,3,0
10307,7.0,0.0,0,0,1,0
11222,0.0,1.0,0,0,0,1
11354,0.0,1.0,0,0,0,0
10111,2.0,0.0,0,0,2,0
10027,2.0,0.0,1,0,0,0
11223,0.0,1.0,0,0,0,1
10018,9.0,0.0,0,0,9,0
11214,2.0,0.0,0,0,2,0
10168,12.0,0.0,1,0,3,0
10472,2.0,0.0,0,0,0,0
11212,1.0,1.0,0,1,1,0
10075,1.0,1.0,0,0,1,0
11005,3.0,0.0,0,0,3,0
10474,2.0,0.0,0,0,1,0
11364,2.0,0.0,0,0,0,0
10128,2.0,1.0,0,0,2,1
11234,2.0,1.0,0,0,0,0
10475,2.0,0.0,0,0,0,0
11370,7.0,0.0,0,0,7,0
     ,1.0,0.0,0,0,0,0
11369,0.0,1.0,0,0,0,0
11419,5.0,0.0,0,0,5,0
10123,1.0,0.0,0,0,0,0
11433,16.0,0.0,0,0,16,0
10280,2.0,0.0,0,0,2,0
10035,2.0,0.0,0,0,6,0
11220,0.0,1.0,0,0,0,0
10301,1.0,0.0,1,0,0,0
10454,3.0,0.0,1,0,2,0
11208,6.0,0.0,1,0,5,0
10003,0.0,1.0,0,0,0,0
10035,1.0,0.0,0,0,0,0
11416,2.0,0.0,0,0,0,0
11421,2.0,0.0,1,0,1,0
11435,0.0,0.0,0,0,0,0
10454,3.0,0.0,0,0,2,0
11204,1.0,0.0,0,0,1,0
11225,2.0,0.0,0,0,0,0
10016,5.0,0.0,0,0,5,0
11435,0.0,1.0,0,0,0,0
11694,1.0,0.0,0,0,1,0
10305,2.0,0.0,0,0,1,0
10000,3.0,0.0,0,0,3,0
11220,8.0,0.0,0,0,8,0
11219,2.0,0.0,0,0,2,0
10029,1.0,0.0,1,0,0,0
11375,1.0,0.0,1,0,0,0
11212,2.0,1.0,0,0,2,0
10031,6.0,1.0,0,0,3,1
11419,3.0,0.0,0,0,0,0
10128,5.0,0.0,0,0,5,0
11218,7.0,0.0,0,0,7,0
11213,7.0,0.0,0,0,7,0
10457,6.0,0.0,0,0,6,0
11221,24.0,0.0,0,0,24,0
11229,0.0,0.0,0,0,0,0
11103,1.0,0.0,1,0,0,0
11205,1.0,0.0,0,0,1,0
11206,4.0,0.0,0,0,0,0
10460,7.0,0.0,0,0,7,0
10026,1.0,1.0,0,0,1,1
11235,2.0,1.0,0,0,0,1
10469,4.0,0.0,0,0,0,0
11365,1.0,0.0,0,0,1,0
11237,3.0,0.0,0,0,0,0
11105,1.0,0.0,0,0,1,0
11207,1.0,1.0,0,0,1,1
11413,0.0,1.0,0,0,0,1
11226,4.0,0.0,0,0,4,0
11207,4.0,0.0,0,0,0,0
11225,1.0,0.0,0,0,1,0
11367,9.0,0.0,0,0,9,0
11413,1.0,1.0,0,0,1,1
10029,2.0,1.0,0,0,0,0
10303,6.0,0.0,0,0,6,0
11233,6.0,0.0,0,0,6,0
11433,5.0,1.0,0,0,5,1
10016,3.0,0.0,0,0,2,0
10467,0.0,0.0,0,0,0,0
10026,2.0,0.0,2,0,0,0
10016,0.0,0.0,0,0,2,0
11693,4.0,0.0,0,0,4,0
11231,2.0,0.0,2,0,0,0
10012,0.0,0.0,0,0,1,0
11205,1.0,0.0,0,0,0,0
11429,4.0,0.0,0,0,4,0
11212,5.0,0.0,0,0,3,0
11372,7.0,0.0,0,0,7,0
11357,2.0,0.0,0,0,2,0
11433,7.0,0.0,0,0,1,0
11226,4.0,0.0,0,0,1,0
10014,2.0,0.0,0,0,1,0
11217,2.0,0.0,1,0,1,0
10453,3.0,0.0,0,0,2,0
10462,0.0,0.0,0,0,0,0
10024,4.0,0.0,0,0,4,0
11417,3.0,0.0,0,0,3,0
11201,1.0,1.0,0,0,1,1
11106,6.0,0.0,0,0,6,0
10312,3.0,0.0,0,0,3,0
10451,4.0,0.0,0,0,4,0
11101,1.0,0.0,1,0,0,0
11102,3.0,0.0,1,0,2,0
11210,1.0,1.0,0,0,1,0
11225,2.0,0.0,0,0,1,0
11105,0.0,1.0,0,1,0,0
11226,9.0,0.0,0,0,9,0
11219,2.0,0.0,1,0,0,0
10009,0.0,0.0,0,0,0,0
10307,0.0,1.0,0,0,0,0
10016,2.0,0.0,1,0,0,0
10128,4.0,0.0,0,0,3,0
10009,2.0,0.0,0,0,0,0
10465,1.0,0.0,1,0,0,0
10310,1.0,0.0,1,0,0,0
11367,3.0,0.0,0,0,0,0
11360,1.0,0.0,0,0,0,0
11360,2.0,0.0,0,0,0,0
10004,1.0,1.0,0,0,1,0
10019,0.0,1.0,0,0,0,0
10454,12.0,0.0,0,0,12,0
11214,3.0,0.0,0,0,0,0
11221,0.0,0.0,0,0,1,0
10452,15.0,0.0,0,0,15,0
11368,0.0,1.0,0,0,0,1
11375,2.0,0.0,0,0,1,0
10467,4.0,0.0,0,0,3,0
10014,2.0,0.0,0,0,0,0
11366,1.0,0.0,0,0,0,0
11693,1.0,0.0,1,0,0,0
10009,1.0,0.0,0,0,0,0
11103,16.0,0.0,0,0,1,0
10002,1.0,0.0,0,0,0,0
10468,2.0,0.0,1,0,0,0
10467,3.0,1.0,0,0,3,1
11433,3.0,0.0,0,0,0,0
11414,10.0,0.0,0,0,10,0
10018,0.0,1.0,0,0,0,0
10025,0.0,1.0,0,0,0,0
11379,2.0,1.0,0,0,2,1
11421,4.0,0.0,0,0,4,0
10469,0.0,1.0,0,1,0,0
11210,1.0,0.0,0,0,2,0
10472,2.0,0.0,0,0,1,0
11207,3.0,0.0,0,0,1,0
11423,5.0,0.0,0,0,5,0
10458,0.0,1.0,0,0,0,1
11207,3.0,1.0,0,0,0,1
10282,1.0,0.0,0,0,0,0
10026,3.0,0.0,0,0,2,0
10466,4.0,0.0,0,0,4,0
11354,0.0,1.0,0,1,0,0
10473,6.0,0.0,0,0,6,0
11206,7.0,0.0,0,0,7,0
10455,0.0,1.0,0,1,0,0
10028,3.0,0.0,0,0,2,0
10002,1.0,1.0,1,0,0,0
11434,2.0,0.0,0,0,0,0
10456,0.0,1.0,0,1,0,0
11366,2.0,0.0,0,0,2,0
11235,4.0,0.0,0,0,3,0
11226,4.0,0.0,1,0,3,0
11001,0.0,0.0,0,0,0,0
10022,2.0,0.0,1,0,1,0
10026,2.0,0.0,1,0,0,0
11435,7.0,0.0,0,0,7,0
11377,0.0,1.0,0,1,0,0
11220,0.0,0.0,0,0,0,0
11207,5.0,0.0,0,0,5,0
11421,0.0,0.0,0,0,0,0
11230,3.0,1.0,0,0,3,1
11379,2.0,0.0,0,0,0,0
11357,4.0,0.0,0,0,4,0
11693,10.0,0.0,0,0,10,0
10306,2.0,0.0,0,0,0,0
11206,2.0,0.0,0,0,0,0
11385,1.0,0.0,0,0,0,0
10021,1.0,1.0,0,0,1,0
11413,5.0,0.0,0,0,5,0
11231,3.0,0.0,0,0,3,0
10011,1.0,0.0,0,0,0,0
11214,2.0,1.0,0,0,2,1
11411,3.0,1.0,0,0,3,1
11416,1.0,0.0,0,0,1,0
10457,3.0,0.0,0,0,1,0
10012,3.0,0.0,0,0,1,0
10033,3.0,0.0,0,0,2,0
11694,5.0,0.0,0,0,5,0
11378,2.0,0.0,2,0,0,0
11249,1.0,3.0,0,0,1,3
11370,1.0,0.0,0,0,1,0
11361,1.0,0.0,0,0,0,0
10472,1.0,0.0,0,0,0,0
10306,7.0,0.0,0,0,7,0
10454,7.0,0.0,0,0,7,0
11215,2.0,0.0,0,0,0,0
10309,1.0,0.0,0,0,1,0
10312,2.0,2.0,0,0,2,2
10001,10.0,0.0,0,0,10,0
11368,3.0,0.0,3,0,0,0
10021,1.0,0.0,1,0,0,0
11385,4.0,0.0,0,0,3,0
10462,2.0,0.0,2,0,0,0
11365,5.0,0.0,0,0,5,0
11208,0.0,1.0,0,0,0,1
10035,2.0,0.0,1,0,1,0
10467,5.0,0.0,0,0,5,0
10456,4.0,0.0,0,0,1,0
10039,4.0,0.0,0,0,0,0
10455,7.0,0.0,0,0,7,0
10010,0.0,1.0,0,0,0,0
10178,0.0,0.0,0,0,0,0
10016,4.0,0.0,1,0,1,0
10018,1.0,0.0,0,0,0,0
11213,4.0,0.0,0,0,0,0
10309,5.0,0.0,0,0,5,0
10040,4.0,0.0,0,0,4,0
11213,2.0,0.0,0,0,1,0
10452,1.0,0.0,1,0,0,0
11428,4.0,0.0,0,0,4,0
11203,6.0,0.0,0,0,6,0
10281,2.0,0.0,0,0,0,0
10154,0.0,0.0,0,0,0,0
11223,1.0,0.0,0,0,1,0
10312,1.0,0.0,0,0,1,0
11421,1.0,0.0,0,0,0,0
11385,3.0,1.0,0,0,3,1
11378,2.0,0.0,0,0,1,0
10023,4.0,0.0,0,0,4,0
10472,1.0,2.0,0,0,1,2
10306,1.0,1.0,0,0,1,0
11213,0.0,0.0,0,0,0,0
10301,5.0,1.0,0,0,5,1
11364,0.0,1.0,0,0,0,1
11208,1.0,1.0,0,0,1,0
11355,1.0,0.0,1,0,0,0
10466,1.0,0.0,1,0,0,0
10459,2.0,0.0,1,0,1,0
10314,3.0,0.0,0,0,3,0
10019,2.0,0.0,1,0,1,0
11417,10.0,0.0,0,0,10,0
11215,6.0,0.0,0,0,6,0
11432,10.0,0.0,0,0,10,0
10473,4.0,0.0,0,0,4,0
11224,0.0,1.0,0,0,0,1
11362,8.0,0.0,0,0,8,0
10000,0.0,0.0,0,0,0,0
10032,1.0,0.0,0,0,1,0
10022,2.0,0.0,1,0,0,0
10470,0.0,1.0,0,0,0,1
10304,1.0,1.0,0,0,1,1
10469,9.0,0.0,0,0,9,0
10001,7.0,0.0,0,0,1,0
10128,0.0,0.0,0,0,0,0
10469,3.0,1.0,0,0,3,1
10016,2.0,0.0,1,0,1,0
10120,1.0,0.0,1,0,0,0
10106,1.0,0.0,0,0,1,0
11237,2.0,0.0,1,0,1,0
10469,5.0,0.0,0,0,5,0
11205,8.0,0.0,0,0,0,0
11362,3.0,1.0,0,0,2,0
11413,8.0,0.0,0,0,8,0
11216,4.0,0.0,0,0,2,0
10467,5.0,0.0,0,0,0,0
11433,2.0,1.0,0,0,2,1
11221,7.0,0.0,0,0,6,0
10471,1.0,1.0,0,0,1,1
11237,1.0,0.0,0,0,1,0
11237,0.0,1.0,0,1,0,0
11101,22.0,0.0,0,0,22,0
11355,3.0,0.0,0,0,0,0
11385,1.0,0.0,0,0,1,0
10466,3.0,0.0,0,0,2,0
10026,1.0,1.0,0,0,0,1
10028,0.0,1.0,0,1,0,0
10468,0.0,1.0,0,0,0,0
11102,0.0,1.0,0,0,0,0
10467,2.0,0.0,0,0,2,0
11237,0.0,0.0,0,0,0,0
11419,6.0,0.0,0,0,6,0
11422,0.0,0.0,0,0,0,0
10458,5.0,0.0,0,0,5,0
10451,4.0,0.0,0,0,2,0
10454,0.0,0.0,0,0,0,0
11354,2.0,0.0,1,0,0,0
11411,1.0,0.0,0,0,0,0
11230,0.0,0.0,0,0,2,0
10462,4.0,0.0,0,0,4,0
10455,2.0,0.0,0,0,0,0
10304,4.0,0.0,0,0,0,0
10001,2.0,0.0,2,0,0,0
10005,2.0,0.0,0,0,1,0
10030,10.0,0.0,0,0,10,0
10065,5.0,0.0,0,0,5,0
11205,2.0,0.0,0,0,0,0
11697,2.0,0.0,0,0,1,0
11360,2.0,0.0,0,0,2,0
10280,1.0,0.0,0,0,0,0
11216,1.0,1.0,0,0,1,1
10002,3.0,0.0,0,0,3,0
10037,2.0,0.0,0,0,1,0
11001,5.0,0.0,0,0,5,0
11361,4.0,0.0,0,0,4,0
10003,7.0,0.0,0,0,7,0
11420,4.0,1.0,0,0,4,1
11373,2.0,0.0,0,0,1,0
10314,0.0,1.0,0,0,0,1
11101,7.0,0.0,0,0,7,0
10028,6.0,0.0,0,0,6,0
10036,3.0,0.0,0,0,3,0
10302,2.0,0.0,0,0,2,0
10454,2.0,0.0,1,0,0,0
11222,2.0,0.0,1,0,1,0
11427,2.0,0.0,0,0,2,0
11355,2.0,0.0,0,0,1,0
11411,8.0,0.0,0,0,8,0
11105,2.0,0.0,0,0,1,0
11201,0.0,1.0,0,1,0,0
10031,3.0,0.0,0,0,0,0
11211,4.0,0.0,0,0,4,0
11432,0.0,1.0,0,0,0,1
11694,2.0,0.0,0,0,2,0
10462,2.0,0.0,0,0,2,0
10037,3.0,0.0,0,0,3,0
10461,1.0,0.0,0,0,0,0
10021,3.0,0.0,2,0,0,0
10464,7.0,0.0,0,0,7,0
11377,2.0,1.0,0,0,2,0
11416,1.0,0.0,1,0,0,0
10165,1.0,0.0,0,0,1,0
11420,2.0,0.0,0,0,1,0
11436,0.0,0.0,0,0,0,0
11428,8.0,0.0,0,0,8,0
10018,1.0,0.0,1,0,0,0
11368,2.0,1.0,0,0,0,0
11208,1.0,0.0,1,0,0,0
10456,10.0,0.0,0,0,10,0
11230,1.0,1.0,0,0,0,0
11230,0.0,0.0,0,0,1,0
10034,2.0,0.0,2,0,0,0
10016,2.0,0.0,0,0,1,0
11231,7.0,0.0,0,0,7,0
11222,3.0,0.0,0,0,3,0
11377,7.0,0.0,0,0,7,0
11215,2.0,0.0,0,0,1,0
11203,6.0,0.0,1,0,5,0
11418,5.0,0.0,0,0,5,0
11239,5.0,0.0,0,0,5,0
10306,1.0,1.0,0,0,1,1
11435,1.0,0.0,0,0,1,0
11427,4.0,0.0,0,0,4,0
10013,3.0,0.0,0,0,3,0
11436,0.0,1.0,0,0,0,1
11216,10.0,0.0,0,0,10,0
10026,1.0,0.0,1,0,0,0
10472,4.0,0.0,0,0,4,0
10128,7.0,0.0,0,0,5,0
10027,2.0,1.0,0,0,2,0
10456,4.0,0.0,0,0,4,0
10029,3.0,0.0,0,0,3,0
11421,2.0,0.0,0,0,2,0
11210,1.0,0.0,0,0,0,0
10460,3.0,0.0,0,0,0,0
11355,2.0,0.0,2,0,0,0
10451,5.0,0.0,0,0,5,0
11375,7.0,0.0,0,0,7,0
11232,2.0,0.0,0,0,2,0
10307,1.0,1.0,0,0,1,1
11369,1.0,0.0,1,0,0,0
11232,4.0,0.0,0,0,4,0
11249,5.0,0.0,0,0,5,0
10029,2.0,0.0,0,0,1,0
11242,0.0,0.0,0,0,2,0
11370,0.0,0.0,0,0,0,0
10172,1.0,0.0,0,0,0,0
11105,1.0,1.0,1,0,0,0
11105,19.0,0.0,0,0,0,0
11370,3.0,0.0,0,0,3,0
10466,2.0,0.0,0,0,0,0
10011,1.0,0.0,0,0,1,0
11378,0.0,0.0,0,0,0,0
10033,0.0,1.0,0,0,0,0
10468,9.0,1.0,0,0,0,0
11414,2.0,0.0,2,0,0,0
11214,7.0,0.0,0,0,7,0
10310,2.0,0.0,0,0,2,0
11429,1.0,0.0,0,0,0,0
10302,0.0,1.0,0,0,0,1
10036,0.0,0.0,0,0,2,0
10012,0.0,1.0,0,0,0,1
10030,7.0,0.0,0,0,7,0
11004,1.0,1.0,0,0,0,0
11210,1.0,0.0,0,0,1,0
11102,3.0,0.0,0,0,3,0
11230,7.0,0.0,0,0,7,0
11236,0.0,1.0,0,0,0,1
10472,0.0,0.0,0,0,0,0
11225,3.0,0.0,0,0,3,0
11369,0.0,0.0,0,0,0,0
11225,2.0,0.0,1,0,0,0
11358,0.0,1.0,0,0,0,1
10310,4.0,0.0,0,0,3,0
10029,6.0,0.0,0,0,6,0
10166,0.0,0.0,0,0,0,0
10040,1.0,0.0,1,0,0,0
11223,2.0,0.0,2,0,0,0
10055,0.0,0.0,0,0,0,0
10458,3.0,0.0,0,0,3,0
11418,1.0,0.0,1,0,0,0
10075,2.0,0.0,0,0,2,0
11418,0.0,0.0,0,0,0,0
11206,11.0,0.0,0,0,11,0
10001,0.0,0.0,0,0,2,0
11242,0.0,0.0,0,0,0,0
11691,2.0,0.0,1,0,1,0
11429,0.0,1.0,0,0,0,0
10309,2.0,0.0,0,0,0,0
10017,6.0,0.0,0,0,6,0
10465,0.0,1.0,0,0,0,0
10301,0.0,1.0,0,0,0,0
10462,9.0,0.0,0,0,9,0
11210,4.0,0.0,0,0,3,0
11004,3.0,0.0,0,0,2,0
11204,5.0,0.0,0,0,4,0
11230,2.0,0.0,1,0,0,0
10017,2.0,0.0,2,0,0,0
11104,2.0,0.0,2,0,0,0
10309,7.0,0.0,0,0,7,0
11004,2.0,0.0,0,0,0,0
10465,1.0,0.0,0,0,0,0
11222,5.0,0.0,0,0,5,0
11209,4.0,0.0,0,0,4,0
11106,3.0,0.0,0,0,3,0
11372,1.0,0.0,0,0,1,0
11358,1.0,1.0,0,0,1,1
11205,0.0,0.0,0,0,0,0
11374,0.0,1.0,0,0,0,1
11355,0.0,1.0,0,0,0,0
11355,5.0,0.0,0,0,5,0
11428,2.0,0.0,0,0,0,0
10029,2.0,0.0,0,0,0,0
10303,4.0,0.0,0,0,4,0
11216,3.0,0.0,0,0,1,0
11204,2.0,0.0,1,0,1,0
10457,8.0,0.0,0,0,8,0
10466,6.0,0.0,0,0,6,0
11237,5.0,0.0,0,0,4,0
10009,3.0,0.0,0,0,2,0
11375,0.0,1.0,0,0,0,0
11221,15.0,0.0,0,0,15,0
10474,1.0,0.0,0,0,1,0
10030,0.0,0.0,0,0,0,0
11418,2.0,0.0,1,0,1,0
10463,3.0,0.0,0,0,2,0
10464,8.0,0.0,0,0,8,0
10026,4.0,0.0,0,0,3,0
10455,9.0,0.0,0,0,9,0
10461,2.0,0.0,0,0,2,0
11206,1.0,0.0,0,0,0,0
11213,3.0,0.0,0,0,3,0
10452,2.0,0.0,0,0,0,0
11374,3.0,0.0,0,0,0,0
11369,1.0,0.0,0,0,1,0
10035,1.0,0.0,1,0,0,0
10454,0.0,1.0,0,0,0,1
10028,2.0,0.0,0,0,1,0
11104,1.0,0.0,1,0,0,0
11433,2.0,0.0,0,0,2,0
11377,11.0,0.0,0,0,11,0
11213,1.0,0.0,0,0,2,0
10027,2.0,0.0,2,0,0,0
10039,1.0,0.0,0,0,1,0
10031,6.0,0.0,0,0,5,0
10451,7.0,0.0,1,0,6,0
11001,4.0,0.0,0,0,4,0
10075,3.0,0.0,0,0,3,0
10033,4.0,2.0,0,0,4,2
10031,4.0,0.0,0,0,4,0
11229,6.0,0.0,0,0,6,0
11103,0.0,1.0,0,0,0,1
10009,2.0,0.0,1,0,0,0
10033,5.0,0.0,0,0,5,0
10456,3.0,0.0,0,0,1,0
10475,2.0,0.0,0,0,2,0
10037,1.0,0.0,0,0,1,0
11230,2.0,0.0,2,0,0,0
10457,2.0,0.0,2,0,0,0
10005,7.0,0.0,1,0,3,0
11369,2.0,0.0,1,0,1,0
11106,0.0,1.0,0,0,0,0
11205,0.0,1.0,0,0,0,0
10019,1.0,0.0,0,0,0,0
10312,0.0,1.0,0,0,0,0
10452,0.0,1.0,0,0,0,0
10040,0.0,1.0,0,0,0,1
10037,2.0,0.0,2,0,0,0
10106,0.0,0.0,0,0,0,0
10035,3.0,0.0,0,0,3,0
10012,2.0,0.0,0,0,1,0
10473,2.0,0.0,1,0,0,0
10028,3.0,0.0,0,0,3,0
10308,2.0,0.0,0,0,2,0
11385,11.0,0.0,0,0,11,0
11201,0.0,0.0,0,0,4,0
11210,3.0,0.0,1,0,2,0
11413,0.0,1.0,0,1,0,0
10453,1.0,1.0,0,0,1,1
10458,3.0,0.0,0,0,2,0
11215,2.0,0.0,0,0,2,0
10473,1.0,0.0,0,0,1,0
11216,1.0,0.0,0,0,1,0
11224,2.0,0.0,1,0,1,0
11379,1.0,0.0,1,0,0,0
10308,1.0,0.0,0,0,1,0
10466,1.0,1.0,0,0,0,0
11361,2.0,0.0,0,0,1,0
10002,3.0,1.0,0,0,3,0
11218,12.0,0.0,0,0,12,0
10304,0.0,0.0,0,0,0,0
11208,0.0,0.0,0,0,1,0
10007,3.0,0.0,0,0,1,0
10003,4.0,0.0,0,0,4,0
10030,2.0,0.0,0,0,1,0
11379,1.0,1.0,0,0,0,1
11235,3.0,0.0,0,0,0,0
11207,6.0,1.0,0,0,5,0
10020,1.0,0.0,0,0,0,0
11220,2.0,0.0,2,0,0,0
10031,0.0,1.0,0,0,0,0
11356,0.0,1.0,0,0,0,0
11233,0.0,1.0,0,0,0,0
11235,2.0,1.0,0,0,0,0
11238,3.0,0.0,0,0,0,0
11426,7.0,0.0,0,0,7,0
11237,2.0,0.0,0,0,0,0
10452,0.0,1.0,0,0,0,1
11221,0.0,1.0,0,0,0,0
10471,1.0,0.0,0,0,0,0
11231,0.0,0.0,0,0,0,0
11226,3.0,0.0,0,0,3,0
11379,2.0,0.0,1,0,1,0
10451,2.0,0.0,2,0,0,0
10020,5.0,0.0,0,0,5,0
11220,1.0,0.0,1,0,0,0
10030,4.0,0.0,0,0,4,0
11236,11.0,0.0,0,0,11,0
